Ibuk ID;Tytuł;Autor;ISBN;Wydawnictwo;Rok wydania;Kategoria;Podkategoria;Link do książki 
43531;Kazania świętokrzyskie - od rękopisu do zrozumienia tekstu;Tomasz Mika;978-83-232-2371-9;Wydawnictwo Naukowe Uniwersytetu im. Adama Mickiewicza;2011;Nauki humanistyczne;Filologia polska;Czytaj
23123;Przy Tobie, Najjaśniejszy Panie, stoimy i stać chcemy.... Monarchia habsburska w polskiej myśli politycznej lat 1860-1914;Roman Kochnowski;978-83-7271-547-0;Wydawnictwo Naukowe Uniwersytetu Pedagogicznego w Krakowie;2009;Nauki humanistyczne;Historia;Czytaj
1965;100 roślin w Twojej kuchni;Maria Szustakowska-Chojnacka;978-83-200-3309-0;Wydawnictwo Lekarskie PZWL;2006;Inne;Różne;Czytaj
38688;59 bajek o zwierzętach;Ewa Mirkowska;978-83-7568-898-6;Siedmioróg;2012;Literatura dla dzieci i młodzieży;-;Czytaj
38435;A Practical Grammar of English;Elżbieta Mańczak-Wohlfeld, Anna Niżegorodcew, Ewa Willim;978-83-01-06855-4;Wydawnictwo Naukowe PWN;2010;Nauki humanistyczne;Filologie obce;Czytaj
41606;ABC chorób wieku dziecięcego;Roma Rokicka-Milewska;978-83-200-4121-7;Wydawnictwo Lekarskie PZWL;2011;Medycyna;Pediatria;Czytaj
2529;ABC pedagoga specjalnego. Poradnik dla nauczyciela ze specjalnym przygotowaniem pedagogicznym pracujących z dziećmi niepełnosprawnymi dla studentów kierunków pedagogicznych oraz osób zainteresowanych kształceniem integracyjnym;Aleksandra Tomkiewicz-Bętkowska, Alicja Krztoń;978-83-7587-564-5;Oficyna Wydawnicza IMPULS;2011;Nauki społeczne;Pedagogika;Czytaj
1956;ABC reumatologii;Redakcja: Michael Snaith;978-83-200-3397-7;Wydawnictwo Lekarskie PZWL;2007;Medycyna;Inne;Czytaj
66229;ABC służby cywilnej;Wojciech Drobny, Marcin Mazuryk, Piotr Zuzankiewicz;978-83-264-5164-5;Wolters Kluwer Polska;2011;Prawo;Prawo administracyjne;Czytaj
42212;ABC tworzenia przypisów i bibliografii załącznikowej;Katarzyna Mazur-Kulesza, Dorota Wierzbicka-Próchniak;978-83-935793-0-3;SBP Zarząd Okręgu w Opolu;2012;Publikacje darmowe;-;Czytaj
41702;Adam Mickiewicz - Juliusz Słowacki Psychobiografia naukowa;Anita Całek;978-83-233-3248-0;Wydawnictwo Uniwersytetu Jagiellońskiego;2012;Nauki humanistyczne;Filologia polska;Czytaj
1254;Administracja porządku i bezpieczeństwa publicznego;Andrzej Misiuk;978-83-60501-88-7;Łośgraf;2008;Prawo;Bezpieczeństwo wewnętrzne;Czytaj
38054;Agresja elektroniczna i cyberbullying;Jacek Pyżalski, Redakcja: Jacek Pyżalski;978-83-7587-949-0;Oficyna Wydawnicza IMPULS;2012;Nauki społeczne;Pedagogika;Czytaj
1709;Agresja u osób z lekką niepełnosprawnością intelektualną;Agnieszka Żywanowska;978-83-7587-041-1;Oficyna Wydawnicza IMPULS;2009;Nauki społeczne;Pedagogika;Czytaj
42578;Agresywność młodzieży. Problem indywidulany i społeczny;Jolanta Maria Wolińska;978-83-2273-125-3;Wydawnictwo Uniwersytetu Marii Curie-Skłodowskiej;2010;Nauki społeczne;Socjologia;Czytaj
61337;Akt twórczy jako mimesis. Dziś są moje urodziny;Marek Pieniążek;978-83-242-1093-0;Universitas;2005;Nauki humanistyczne;Kultura i sztuka;Czytaj
44421;Aktualne problemy zarządzania - teoria i praktyka;Praca zbiorowa;978-83-61276-95-1;Wydawnictwo Wydziału Zarządzania Uniwersytetu Warszawskiego;2012;Nauki ekonomiczne;Zarządzanie, organizacja, strategie;Czytaj
1325;Aktywność osób z ograniczeniami sprawności na rynku pracy: czynniki wspomagające i czynniki ryzyka;Redakcja: Anna Brzezińska, Konrad Piotrowski, Radosław Kaczan, Piotr Rycielski;978-83-89281-65-4;Academica Wydawnictwo SWPS;2008;Publikacje darmowe;-;Czytaj
1332;Aktywność zawodowa osób z ograniczeniem sprawności: wyznaczniki społeczno-demograficzne i osobowościowe;Anna Izabela Brzezińska, Konrad Piotrowski;978-83-89281-59-3;Academica Wydawnictwo SWPS;2008;Publikacje darmowe;-;Czytaj
65912;Algebra dla studentów;Julian Klukowski, Ireneusz Nabiałek;978-83-7926-034-8;Wydawnictwo WNT;2013;Nauki matematyczno-przyrodnicze;Matematyka;Czytaj
1160;Algebra z geometrią analityczną;Przemysław Kajetanowicz, Jędrzej Wierzejewski;978-83-01-15493-6;Wydawnictwo Naukowe PWN;2008;Nauki matematyczno-przyrodnicze;Matematyka;Czytaj
1082;Algorytmika praktyczna;Piotr Stańczyk;978-83-01-15821-7;Wydawnictwo Naukowe PWN;2009;Informatyka;Programowanie;Czytaj
521;Algorytmy genetyczne. Kompendium, t. 1;Tomasz Dominik Gwiazda;978-83-01-15168-3;Wydawnictwo Naukowe PWN;2009;Informatyka;Programowanie;Czytaj
522;Algorytmy genetyczne. Kompendium, t. 2;Tomasz Dominik Gwiazda;978-83-01-15381-6;Wydawnictwo Naukowe PWN;2007;Informatyka;Programowanie;Czytaj
37888;Alina, alinka;Magdalena Lewańska;978-83-63080-48-8;Wydawnictwo e-bookowo;2012;Literatura kobieca;-;Czytaj
42002;Alkoholizm;Wiktor Osiatyński;978-83-244-0222-9;Iskry;2005;Poradniki;-;Czytaj
2958;Alpy i Dolomity, czyli gdzie warto jechać?;Agnieszka Przybylska;978-83-930628-2-9;Landie;2010;Sport;-;Czytaj
469;Analiza finansowa przedsiębiorstwa;Bożyna Pomykalska, Przemysław Pomykalski;978-83-01-14871-3;Wydawnictwo Naukowe PWN;2008;Nauki ekonomiczne;Finanse i bankowość;Czytaj
2307;Analiza finansowa w procesie decyzyjnym współczesnego przedsiębiorstwa;Redakcja: Gabriela Łukasik;978-83-7246-429-3;Wydawnictwo Uniwersytetu Ekonomicznego w Katowicach;2009;Nauki ekonomiczne;Finanse i bankowość;Czytaj
468;Analiza funkcjonalna w zadaniach;Adam Stachura, Stanisław Prus;978-83-01-15228-4;Wydawnictwo Naukowe PWN;2009;Nauki matematyczno-przyrodnicze;Matematyka;Czytaj
1373;Analiza matematyczna;Witold Kołodziej;978-83-01-15970-2;Wydawnictwo Naukowe PWN;2009;Nauki matematyczno-przyrodnicze;Matematyka;Czytaj
42422;Analiza różnicująca wybranych zespołów zaburzeń autystycznych;Jacek Błeszyński;978-83-231-2600-3;Wydawnictwo Naukowe Uniwersytetu Mikołaja Kopernika;2010;Nauki społeczne;Pedagogika;Czytaj
41518;Anatomia człowieka t.1;Olgierd Narkiewicz;978-83-200-4106-4;Wydawnictwo Lekarskie PZWL;2010;Medycyna;Anatomia;Czytaj
41412;Anatomia człowieka t.3;Olgierd Narkiewicz;978-83-200-4108-8;Wydawnictwo Lekarskie PZWL;2010;Medycyna;Anatomia;Czytaj
41434;Anatomia człowieka t.4;Olgierd Narkiewicz;978-83-200-4109-5;Wydawnictwo Lekarskie PZWL;2010;Medycyna;Anatomia;Czytaj
41601;Anestezja geriatryczna;Redakcja: Laura Wołowicka, Iwona Trojanowska;978-83-200-3813-2;Wydawnictwo Lekarskie PZWL;2010;Medycyna;Anestezjologia;Czytaj
41797;Angielski dla początkujących i średniozaawansowanych (A1-B1);Praca zbiorowa;978-83-7544-461-2;Rea;2011;Nauki humanistyczne;Filologie obce;Czytaj
901;Animaloterapia;Anna Franczyk, Katarzyna Krajewska, Joanna Skorupa;978-83-7587-748-9;Oficyna Wydawnicza IMPULS;2008;Nauki społeczne;Pedagogika;Czytaj
62043;Anna German o sobie;Mariola Pryzwan, Redakcja: Dorota Koman;978-83-7779-137-0;MG;2012;Literatura faktu;-;Czytaj
936;Anoreksja;Małgorzata Starzomska, Redakcja: Małgorzata Starzomska;978-83-7587-749-6;Oficyna Wydawnicza IMPULS;2006;Nauki społeczne;Psychologia;Czytaj
2419;Anoreksja od A do Z;Beata Ziółkowska;83-7383-115-0;Wydawnictwo Naukowe Scholar;2005;Nauki społeczne;Psychologia;Czytaj
1157;Antropologia kulturowa, cz. 2;Janusz Gajda;978-83-7308-949-5;Oficyna Wydawnicza IMPULS;2008;Nauki społeczne;Socjologia;Czytaj
41111;Antropomotoryka. Teoria motoryczności człowieka w zarysie;Joachim Raczek;978-83-200-3845-3;Wydawnictwo Lekarskie PZWL;2010;Sport;-;Czytaj
61334;Anty-teoria literatury;Anna Burzyńska;978-83-242-1114-2;Universitas;2006;Nauki humanistyczne;Filologia polska;Czytaj
44821;Apartament 23;Marek Wróbel;978-83-7859-123-8;Wydawnictwo e-bookowo;2013;Literatura piękna;Kryminał, sensacja, thriller;Czytaj
41776;Archetyp ofiary w literaturze polskiego romantyzmu;Miłosz Kłobukowski;978-83-231-2854-0;Wydawnictwo Naukowe Uniwersytetu Mikołaja Kopernika;2012;Nauki humanistyczne;Filologia polska;Czytaj
61403;Architektura słowa i inne szkice o Norwidzie;Henryk Siewierski;978-83-242-1869-1;Universitas;2012;Nauki humanistyczne;Filologia polska;Czytaj
45384;Archiwalia izb przemysłowo-handlowych. Stan i perspektywy badań;Wojciech Chudzik, Karol Dąbrowski, Piotr Janus, Redakcja: Karol Dąbrowski;978-83-933847-1-6;Fundacja Obywatelskiego Rozwoju Ryki;2012;Publikacje darmowe;-;Czytaj
27895;Arcy-nie-ludzkie. Przez science fiction do antropologii cyborgów;Grażyna Gajewska;978-83-232-2141-8;Wydawnictwo Naukowe Uniwersytetu im. Adama Mickiewicza;2010;Nauki humanistyczne;Filologia polska;Czytaj
40793;Arystokracja. Polskie rody;Marcin K. Schirmer;978-83-01-16955-8;Dom Wydawniczy PWN Sp. z o.o.;2012;Nauki humanistyczne;Historia;Czytaj
43107;Auschwitz Obóz i miasto;Sybille Steinbacher;978-83-01-17054-7;Wydawnictwo Naukowe PWN;2012;Nauki humanistyczne;Historia;Czytaj
43514;Auschwitz w Internecie. Przedstawienia Holokaustu w kulturze popularnej;Marek Kaźmierczak;978-83-232-2381-8;Wydawnictwo Naukowe Uniwersytetu im. Adama Mickiewicza;2012;Nauki humanistyczne;Historia;Czytaj
43418;AutoCAD 2013/LT2013/WS+. Kurs projektowania parametrycznego i nieparametrycznego 2D i 3D;Andrzej Jaskulski;978-83-01-17040-0;Wydawnictwo Naukowe PWN;2012;Informatyka;CAD/CAM;Czytaj
64105;Automatyka Podstawy teorii;Andrzej Dębowski;978-83-63623-88-3;Wydawnictwo WNT;2012;Nauki matematyczno-przyrodnicze;Technika;Czytaj
26672;Autyzm i zespół Aspergera;Anita Bryńska, Jadwiga Komender, Gabriela Jagielska;978-83-200-3812-5;Wydawnictwo Lekarskie PZWL;2009;Medycyna;Pediatria;Czytaj
62108;Aż do skończenia świata;Jadwiga Rochnowska;978-83-7859-144-3;Wydawnictwo e-bookowo;2013;Literatura kobieca;-;Czytaj
42564;Badania jakościowe t.1;Redakcja: Dariusz Jemielniak;978-83-01-16945-9;Wydawnictwo Naukowe PWN;2012;Nauki społeczne;Socjologia;Czytaj
42563;Badania jakościowe t.2;Redakcja: Dariusz Jemielniak;978-83-01-16946-6;Wydawnictwo Naukowe PWN;2012;Nauki społeczne;Socjologia;Czytaj
15;Badania marketingowe;Redakcja: Krystyna Mazurek-Łopacińska;83-01-14256-1;Wydawnictwo Naukowe PWN;2005;Nauki ekonomiczne;Marketing, reklama;Czytaj
41933;Badania marketingowe-metody, nowe podejścia i konteksty badawcze;Redakcja: Krystyna Mazurek-Łopacińska, Magdalena Sobocińska;978-83-7695-248-2;Wydawnictwo Uniwersytetu Ekonomicznego we Wrocławiu;2011;Nauki ekonomiczne;Marketing, reklama;Czytaj
39899;Badania nad zastosowaniem elementów śpiewu klasycznego w rehabilitacji chorych z zaburzeniami głosu;Maria Izabela Mielnik;978-83-7587-893-6;Oficyna Wydawnicza IMPULS;2011;Nauki społeczne;Pedagogika;Czytaj
93961;Badanie ruchu kręgosłupa człowieka podczas chodu;Małgorzata Syczewska;978-83-917484-1-1;Wydawnictwo Instytut Pomnik-Centrum Zdrowia Dziecka;2013;Publikacje darmowe;-;Czytaj
13238;Bajka zwierzęca w tradycji ludowej i literackiej;Violetta Wróblewska, Redakcja: Adrian Mianecki;978-83-231-2628-7;Wydawnictwo Naukowe Uniwersytetu Mikołaja Kopernika;2011;Nauki humanistyczne;Filologia polska;Czytaj
1125;Bajki dla dyslektyków;Kamila Waleszkiewicz;978-83-7850-026-1;Oficyna Wydawnicza IMPULS;2008;Nauki społeczne;Pedagogika;Czytaj
1143;Bajki rymowane w biblioterapii;Agnieszka Łaba;978-83-7850-017-9;Oficyna Wydawnicza IMPULS;2008;Nauki społeczne;Pedagogika;Czytaj
40580;Bajkoterapia;Katarzyna Szeliga;978-83-7587-891-2;Oficyna Wydawnicza IMPULS;2008;Nauki społeczne;Pedagogika;Czytaj
45159;Bandyci Rodriguez;Łukasz Gołębiewski;978-83-62948-96-3;Biblioteka Analiz;2013;Literatura piękna;Kryminał, sensacja, thriller;Czytaj
24;Bankowość europejska;Władysław Baka;83-01-14527-7;Wydawnictwo Naukowe PWN;2005;Nauki ekonomiczne;Finanse i bankowość;Czytaj
41994;Barbarzyńska Europa;Karol Modzelewski;978-83-244-0224-3;Iskry;2004;Nauki humanistyczne;Historia;Czytaj
67135;Benefit 6 2013;Redakcja: Praca zbiorowa;;Wydawnictwo e-bookowo;2013;Publikacje darmowe;-;Czytaj
67132;Benefit 7 2013;Redakcja: Praca zbiorowa;;Wydawnictwo e-bookowo;2013;Publikacje darmowe;-;Czytaj
4595;Bez zasłon - No curtain;Wojciech Malinowski;978-83-62480-48-7;Wydawnictwo e-bookowo;2010;Literatura piękna;Poezja;Czytaj
40502;Bezpieczeństwo ekonomiczne. Wyzwania dla zarządzania państwem;Konrad Raczkowski;978-83-264-4603-0;Wolters Kluwer Polska;2012;Nauki ekonomiczne;Gospodarka światowa;Czytaj
66862;Bezpieczeństwo i Technika Pożarnicza, Vol.27/3/2012;Praca zbiorowa, Redakcja: Praca zbiorowa;;Centrum Naukowo-Badawcze Ochrony Przeciwpożarowej im. Józefa Tuliszkowskiego Państwowy Instytut Badawczy;2012;Publikacje darmowe;-;Czytaj
62143;Bezpieczeństwo i Technika Pożarnicza, Vol.28/4/2012;Redakcja: Praca zbiorowa;;Centrum Naukowo-Badawcze Ochrony Przeciwpożarowej im. Józefa Tuliszkowskiego Państwowy Instytut Badawczy;2012;Publikacje darmowe;-;Czytaj
64564;Bezpieczeństwo i Technika Pożarnicza, Vol.29/1/2013;Redakcja: Praca zbiorowa;;Centrum Naukowo-Badawcze Ochrony Przeciwpożarowej im. Józefa Tuliszkowskiego Państwowy Instytut Badawczy;2013;Publikacje darmowe;-;Czytaj
644;Bezpieczeństwo informacji i usług w nowoczesnej instytucji i firmie;Andrzej Białas;978-83-204-3343-2;Wydawnictwo WNT;2007;Informatyka;Bezpieczeństwo;Czytaj
42505;Bezpieczeństwo międzynarodowe;Jacek Czaputowicz;978-83-01-17113-1;Wydawnictwo Naukowe PWN;2012;Nauki społeczne;Nauki polityczne;Czytaj
43396;Bezpieczeństwo międzynarodowe;Przemysław Żurawski vel Grajewski;978-83-01-17204-6;Wydawnictwo Naukowe PWN;2012;Nauki społeczne;Nauki polityczne;Czytaj
1261;Bezpieczeństwo społeczności lokalnych;Andrzej Urban;978-83-60807-72-9;Łośgraf;2009;Prawo;Bezpieczeństwo wewnętrzne;Czytaj
42383;Bezpieczeństwo systemów informacyjnych;Franciszek Wołowski, Janusz Zawiła-Niedźwiecki, Redakcja: edu-Libri;978-83-63804-01-5;edu-Libri;2012;Nauki ekonomiczne;Zarządzanie, organizacja, strategie;Czytaj
41502;Bezpieczeństwo teleinformatyczne państwa;Redakcja: Marek Madej, Marcin Terlikowski;978-83-89607-71-3;Polski Instytut Spraw Międzynarodowych;2009;Informatyka;Bezpieczeństwo;Czytaj
64394;Bezrobocie i odpowiedzialność;Sylwiusz Retowski;978-83-7383-574-0;Wydawnictwo Naukowe Scholar;2011;Nauki społeczne;Nauki polityczne;Czytaj
40877;Bezrobotni jako klienci i partnerzy powiatowych urzędów pracy;Kazimierz Bujak;978-83-233-2363-1;Wydawnictwo Uniwersytetu Jagiellońskiego;2007;Publikacje darmowe;-;Czytaj
41904;Białek i Żania Żaba;Marie Louise Rudolfsson;978-83-7544-523-7;Rea;2012;Literatura dla dzieci i młodzieży;-;Czytaj
1454;Biblioteki w literaturze polskiej;Krystyna Bednarska-Ruszajowa;978-83-233-2215-3;Wydawnictwo Uniwersytetu Jagiellońskiego;2006;Nauki humanistyczne;Filologia polska;Czytaj
914;Biblioterapia w praktyce;Ewelina Konieczna, Redakcja: Ewelina J. Konieczna;978-83-7587-751-9;Oficyna Wydawnicza IMPULS;2010;Nauki społeczne;Pedagogika;Czytaj
2304;Biochemia. Krótkie wykłady;David B. Hames, Nigel M. Hooper;978-83-01-16327-3;Wydawnictwo Naukowe PWN;2010;Nauki matematyczno-przyrodnicze;Biologia;Czytaj
84;Biofizyka;Redakcja: Zofia Jóźwiak, Grzegorz Bartosz;978-83-01-14461-6;Wydawnictwo Naukowe PWN;2008;Nauki matematyczno-przyrodnicze;Biologia;Czytaj
5607;Biologia molekularna. Krótkie wykłady;Phil C. Turner, Alexander G. McLennan, Andy D. Bates, Mike R.H. White;978-83-01-16567-3;Wydawnictwo Naukowe PWN;2011;Nauki matematyczno-przyrodnicze;Biologia;Czytaj
43267;Biologia rozwoju. Krótkie wykłady;R.M. Twyman;978-83-01-14021-2;Wydawnictwo Naukowe PWN;2012;Nauki matematyczno-przyrodnicze;Biologia;Czytaj
37878;Biomasa. Surowiec do syntez chemicznych i produkcji paliw;Bogdan Burczyk;978-83-7493-643-9;Oficyna Wydawnicza Politechniki Wrocławskiej;2011;Nauki matematyczno-przyrodnicze;Chemia;Czytaj
38649;Biomechanika sportu. Krótkie wykłady;Paul Grimshaw, Adrian Lees, Neil Fowler, Adrian Burden;978-83-01-16415-7;Wydawnictwo Naukowe PWN;2010;Sport;-;Czytaj
1996;Biotechnologia ścieków;Redakcja: Korneliusz Miksch, Jan Sikora;978-83-01-16183-5;Wydawnictwo Naukowe PWN;2010;Nauki matematyczno-przyrodnicze;Biologia;Czytaj
777;Biura podróży na rynku turystycznym;Anna Konieczna-Domańska;978-83-01-15669-5;Wydawnictwo Naukowe PWN;2008;Nauki ekonomiczne;Usługi;Czytaj
39926;Blogowanie;Jill Walker Walker Rettberg;978-83-01-16932-9;Wydawnictwo Naukowe PWN;2012;Nauki społeczne;Socjologia;Czytaj
5190;Bolesław III Krzywousty;Karol Maleczyński;978-83-242-1416-7;Universitas;2010;Nauki humanistyczne;Historia;Czytaj
61508;Bolesław Śmiały-Szczodry i biskup Stanisław;Tadeusz Grudziński;978-83-242-1452-5;Universitas;2010;Nauki humanistyczne;Historia;Czytaj
64704;Brzechwa nie dla dzieci;Mariusz Urbanek;978-83-244-0320-2;Iskry;2013;Literatura faktu;-;Czytaj
5615;Budżet i polityka podatkowa. Wybrane zagadnienia.;Jerzy Żyżyński;978-83-01-15915-3;Wydawnictwo Naukowe PWN;2009;Nauki ekonomiczne;Finanse i bankowość;Czytaj
1275;Budżet ogólny Unii Europejskiej;Katarzyna Żukrowska;978-83-60501-84-9;Łośgraf;2009;Nauki ekonomiczne;Unia Europejska;Czytaj
13203;Can You Teach Better? Improving the Qualifications of Teachers and Trainers;Izabela Kołodziejczyk-Olczak;978-83-62916-22-1;SWSPiZ;2011;Publikacje darmowe;-;Czytaj
93618;Charakterystyka genotypowa i fenotypowa szczepów Staphylococcus aureus izolowanych od dzieci chorych na mukowiscydozę;Katarzyna Semczuk;978-83-917484-3-5;Wydawnictwo Instytut Pomnik-Centrum Zdrowia Dziecka;2013;Publikacje darmowe;-;Czytaj
315;Chemia leków. Krótkie wykłady;Graham Patrick;83-01-14337-1;Wydawnictwo Naukowe PWN;2004;Nauki matematyczno-przyrodnicze;Chemia;Czytaj
314;Chemia nieorganiczna. Krótkie wykłady;P.A. Cox;978-83-01-13871-4;Wydawnictwo Naukowe PWN;2006;Nauki matematyczno-przyrodnicze;Chemia;Czytaj
1797;Chemia organiczna, t. 1;Robert T. Morrison, Robert N. Boyd;978-83-01-04166-3;Wydawnictwo Naukowe PWN;2010;Nauki matematyczno-przyrodnicze;Chemia;Czytaj
1796;Chemia organiczna, t. 2;Robert T. Morrison, Robert N. Boyd;978-83-01-04166-3;Wydawnictwo Naukowe PWN;2009;Nauki matematyczno-przyrodnicze;Chemia;Czytaj
69276;Choroba Alzheimera;Tadeusz Parnowski;978-83-20-04597-0;Wydawnictwo Lekarskie PZWL;2013;Medycyna;Neurologia;Czytaj
40995;Choroby skóry;Anna Zalewska-Janowska, Honorata Błaszczyk;978-83-200-3760-9;Wydawnictwo Lekarskie PZWL;2008;Medycyna;Dermatologia;Czytaj
13197;Choroby układu nerwowego;Wojciech Kozubski, Paweł Liberski;83-200-2972-4;Wydawnictwo Lekarskie PZWL;2003;Medycyna;Neurologia;Czytaj
45434;Choroby wieku podeszłego;Tomasz Kostka;978-83-200-3762-3;Wydawnictwo Lekarskie PZWL;2009;Medycyna;Geriatria;Czytaj
43402;Ciało widowiskowe;Jean-Marie Pradier;978-83-01-17065-3;Wydawnictwo Naukowe PWN;2012;Nauki humanistyczne;Kultura i sztuka;Czytaj
4391;Ciemnooka;Dawid Glen;978-83-61184-75-1;Wydawnictwo e-bookowo;2010;Literatura piękna;Inne;Czytaj
42344;Ciotki;Anna Drzewiecka;978-83-7595-515-6;M;2012;Literatura faktu;-;Czytaj
45163;Co to znaczy być chrześcijaninem?;Albert N. Martin, Redakcja: Jarosław Jankowski;978-83-63837-30-3;Logos media;2013;Publikacje darmowe;-;Czytaj
39473;Co to znaczy...?;Izabela Mikrut, Justyna Stankowska;978-83-63080-90-7;Wydawnictwo e-bookowo;2012;Literatura dla dzieci i młodzieży;-;Czytaj
36815;Conrad i koniec epoki żaglowców;Wiesław Ratajczak;978-83-232-2202-6;Wydawnictwo Naukowe Uniwersytetu im. Adama Mickiewicza;2010;Nauki humanistyczne;Filologia polska;Czytaj
2289;Copywriting internetowy;Maciej Dutko;978-83-01-16477-5;Wydawnictwo Naukowe PWN;2010;Informatyka;Internet;Czytaj
41678;Córka Węża Midgardu Saga Asgard;Wolfgang Hohlbein;978-83-63551-17-9;Telbit;2012;Literatura piękna;Fantastyka;Czytaj
42343;Córki Nipponu nie płaczą;Consilia Maria Lakotta;978-83-7595-403-6;M;2012;Literatura kobieca;-;Czytaj
18829;Cyfrowa przestrzeń biznesowa;Matt Mayewski;978-83-01-16684-7;Wydawnictwo Naukowe PWN;2011;Nauki ekonomiczne;E-biznes;Czytaj
758;Cyfrowa rewolucja;Piotr Gawrysiak;978-83-01-15607-7;Wydawnictwo Naukowe PWN;2008;Informatyka;Zastosowania informatyki;Czytaj
43512;Cyprian Norwid a tradycje szlacheckie;Zofia Dambek;978-83-232-2429-7;Wydawnictwo Naukowe Uniwersytetu im. Adama Mickiewicza;2012;Nauki humanistyczne;Filologia polska;Czytaj
61359;Cytaty z życia i literatury;Lidia Burska;978-83-242-1872-1;Universitas;2012;Nauki humanistyczne;Filologia polska;Czytaj
3057;Czarna owca;Iwona Sobolewska;978-83-61184-83-6;Wydawnictwo e-bookowo;2010;Literatura dla dzieci i młodzieży;-;Czytaj
1100;Czarodziejski świat;Krystyna Bęczkowska;978-83-7587-124-1;Oficyna Wydawnicza IMPULS;2009;Inne;Literatura edukacyjna dla dzieci;Czytaj
759;Czas plemion;Michel Maffesoli;978-83-01-15566-7;Wydawnictwo Naukowe PWN;2008;Nauki społeczne;Socjologia;Czytaj
934;Czekam na bajkę;Elżbieta Śnieżkowska-Bielak, Redakcja: Elżbieta Śnieżkowska-Bielak;978-83-7587-755-7;Oficyna Wydawnicza IMPULS;2008;Inne;Literatura edukacyjna dla dzieci;Czytaj
1580;Człowiek - istota społeczna;Elliot Aronson;978-83-01-16145-3;Wydawnictwo Naukowe PWN;2009;Nauki społeczne;Psychologia;Czytaj
40863;Człowiek wśród ludzi. Zarys psychologii społecznej;Bogdan Wojciszke;978-83-7383-181-0;Wydawnictwo Naukowe Scholar;2009;Nauki społeczne;Psychologia;Czytaj
70030;Człowiek, wychowanie i praca w kapitalizmie. W stronę krytycznej pedagogiki pracy;Piotr Stańczyk;978-83-7865-096-6;Wydawnictwo Uniwersytetu Gdańskiego;2013;Publikacje darmowe;-;Czytaj
61354;Czytanie Brzozowskiego;Marta Wyka;978-83-242-1571-3;Universitas;2012;Nauki humanistyczne;Filologia polska;Czytaj
61332;Czytanie Irzykowskiego;Henryk Markiewicz;978-83-242-1510-2;Universitas;2011;Nauki humanistyczne;Filologia polska;Czytaj
41654;Ćmy i motyle;Monika Lipińska;978-83-62252-71-8;Telbit;2008;Literatura dla dzieci i młodzieży;-;Czytaj
249;Ćwiczenia z poetyki;Redakcja: Tomasz Mizerkiewicz, Agnieszka Gajewska;978-83-01-14808-9;Wydawnictwo Naukowe PWN;2006;Nauki humanistyczne;Filologia polska;Czytaj
2370;Ćwiczenia z retoryki;Redakcja: Maria Barłowska, Maria Załęska, Agnieszka Budzyńska-Daca;978-83-01-16423-2;Wydawnictwo Naukowe PWN;2010;Nauki społeczne;Retoryka;Czytaj
61344;Ćwiczenia z rozpaczy;Redakcja: Jerzy Jarzębski, Jakub Momro;978-83-242-1546-1;Universitas;2011;Nauki humanistyczne;Filologia polska;Czytaj
38714;Dar rzeki Fly;Maria Krüger;978-83-7568-951-8;Siedmioróg;2012;Literatura dla dzieci i młodzieży;-;Czytaj
65865;Dermatologia estetyczna;Leslie Baumann;978-83-200-4339-6;Wydawnictwo Lekarskie PZWL;2013;Medycyna;Dermatologia;Czytaj
43362;Detektywi z Dalslandu. Bandyci na odludziu;Pia Hagmar;978-83-7544-524-4;Rea;2009;Literatura dla dzieci i młodzieży;-;Czytaj
43349;Detektywi z Dalslandu. Niebezpieczne spotkanie;Pia Hagmar;978-83-7544-528-2;Rea;2010;Literatura dla dzieci i młodzieży;-;Czytaj
43347;Detektywi z Dalslandu. Straszny plan;Pia Hagmar;978-83-7544-526-8;Rea;2009;Literatura dla dzieci i młodzieży;-;Czytaj
43359;Detektywi z Dalslandu. Tajemnica śnieżnej zaspy;Pia Hagmar;978-83-7544-527-5;Rea;2010;Literatura dla dzieci i młodzieży;-;Czytaj
62582;Determinanty readaptacji społecznej skazanych;Anna Fidelus;978-83-7072-777-2;Wydawnictwo Uniwersytetu Kardynała Stefana Wyszyńskiego;2012;Nauki społeczne;Pedagogika;Czytaj
36804;Dialog chrześcijańsko-muzułmański. Historia i współczesność, zagrożenia i wyzwania t. 1;Redakcja: Czesław Łapicz, Magdalena Lewicka;978-83-231-2644-7;Wydawnictwo Naukowe Uniwersytetu Mikołaja Kopernika;2011;Nauki humanistyczne;Kulturoznawstwo;Czytaj
1308;Dobra intelektualne;Leonard Łukaszuk;978-83-7644-020-0;Łośgraf;2009;Prawo;Prawo własności intelektualnej;Czytaj
41832;Dobra krew;Magdalena Skopek;978-83-01-17242-8;Dom Wydawniczy PWN Sp. z o.o.;2012;Literatura piękna;Inne;Czytaj
950;Domeny internetowe;Maciej Dutko;978-83-01-15750-0;Wydawnictwo Naukowe PWN;2009;Informatyka;Internet;Czytaj
41732;Dorastanie w rodzinach z problemem alkoholowym;Iwona Grzegorzewska;978-83-7383-510-8;Wydawnictwo Naukowe Scholar;2011;Nauki społeczne;Psychologia;Czytaj
61397;Dowcipy językowe z dawnych czasów;Edward Stachurski;978-83-242-1819-6;Universitas;2011;Nauki humanistyczne;Filologia polska;Czytaj
36215;Drama w nauczaniu języka polskiego;Eugeniusz Szymik;978-83-7587-852-3;Oficyna Wydawnicza IMPULS;2011;Nauki humanistyczne;Filologia polska;Czytaj
64993;Dramatyczność i dialogowość w kulturze;Redakcja: Anna Krajewska, Danuta Ulicka, Piotr Dobrowolski;978-83-232-2103-6;Wydawnictwo Naukowe Uniwersytetu im. Adama Mickiewicza;2010;Nauki humanistyczne;Filologia polska;Czytaj
45147;Drewniak;Dorota Combrzyńska-Nogala, Redakcja: Monika Czechowska-Wrońska;978-83-7779-132-5;MG;2012;Literatura kobieca;-;Czytaj
2938;Druga pora życia;Anna Strzelec;978-83-61184-33-1;Wydawnictwo e-bookowo;2010;Literatura kobieca;-;Czytaj
40598;Drugie Oko Tadeusza Peipera;Joanna Grądziel-Wójcik;978-83-232-2191-3;Wydawnictwo Naukowe Uniwersytetu im. Adama Mickiewicza;2010;Nauki humanistyczne;Filologia polska;Czytaj
61375;Drzwi do plakatu;Mieczysław Górowski, Agata Hołobut;978-83-242-1008-4;Universitas;2009;Nauki humanistyczne;Kultura i sztuka;Czytaj
62867;Drzwi wewnętrzne - moda i funkcjonalność. Poradnik;Redakcja: Monika Mucha;978-83-64094-07-1;Dom Wydawniczy MEDIUM;2013;Publikacje darmowe;-;Czytaj
37882;Dwunasta warstwa;Olaf Tumski;978-83-63080-51-8;Wydawnictwo e-bookowo;2012;Literatura piękna;Fantastyka;Czytaj
40566;Dydaktyka Podręcznik akademicki;Czesław Kupisiewicz;978-83-7850-057-5;Oficyna Wydawnicza IMPULS;2012;Nauki społeczne;Pedagogika;Czytaj
38434;Dynastia Jagiellonów w Polsce;Urszula Borkowska;978-83-01-16692-2;Wydawnictwo Naukowe PWN;2011;Nauki humanistyczne;Historia;Czytaj
44888;Dynastia Piastów mazowieckich;Janusz Grabowski;978-83-7730-999-5;Avalon;2012;Nauki humanistyczne;Historia;Czytaj
61902;Dyskryminacja pośrednia w prawie Unii Europejskiej. Stan prawny na dzień 5 listopada 2012 roku;Justyna Maliszewska-Nienartowicz;978-83-231-2904-2;Wydawnictwo Naukowe Uniwersytetu Mikołaja Kopernika;2012;Prawo;Prawo Unii Europejskiej;Czytaj
1402;Dysleksja;W. J. Brejnak;83-200-3296-2;Wydawnictwo Lekarskie PZWL;2005;Medycyna;Poradniki medyczne;Czytaj
41782;Dysleksja i ADHD współwystępujące zaburzenia rozwoju;Małgorzata Lipowska;978-83-7383-561-0;Wydawnictwo Naukowe Scholar;2011;Nauki społeczne;Psychologia;Czytaj
39892;Dzieci chore, niepełnosprawne i z utrudnieniami w rozwoju;Redakcja: Andrzej Stawarski, Beata Cytowska, Barbara Winczura;978-83-7850-027-8;Oficyna Wydawnicza IMPULS;2008;Nauki społeczne;Pedagogika;Czytaj
93962;Dziecięca padaczka objawowa w zakażeniu cytomegalowirusem - aspekty diagnostyczne, terapeutyczne i neurorozwojowe;Dorota Dunin-Wąsowicz;978-83-917484-2-8;Wydawnictwo Instytut Pomnik-Centrum Zdrowia Dziecka;2013;Publikacje darmowe;-;Czytaj
1617;Dzieciństwo i dorastanie z ADHD;Tomasz Hanć;978-83-7587-151-7;Oficyna Wydawnicza IMPULS;2009;Nauki społeczne;Pedagogika;Czytaj
38897;Dziecko autystyczne;Beata Zawiślak;978-83-7587-981-0;Oficyna Wydawnicza IMPULS;2012;Nauki społeczne;Pedagogika;Czytaj
908;Dziecko autystyczne z zespołem Aspergera;Aleksandra Maciarz, Dorota Drała;978-83-7587-758-8;Oficyna Wydawnicza IMPULS;2008;Nauki społeczne;Pedagogika;Czytaj
2665;Dziecko też człowiek! Inny poradnik dla rodziców;Anna Golus;978-83-62480-04-3;Wydawnictwo e-bookowo;2010;Poradniki;-;Czytaj
63799;Dziecko z autyzmem;Hanna Olechnowicz, Robert Wiktorowicz;978-83-01-16957-2;Wydawnictwo Naukowe PWN;2012;Nauki społeczne;Pedagogika;Czytaj
1651;Dziecko z zespołem nadpobudliwości psychoruchowej ADHD i ADD;Barbara Irena Igniaciuk;978-83-7587-268-2;Oficyna Wydawnicza IMPULS;2010;Nauki społeczne;Pedagogika;Czytaj
62449;Dziedzictwo kulturowe a rozwój lokalny;Monika Murzyn-Kupisz;978-83-7252-609-0;Wydawnictwo Uniwersytetu Ekonomicznego w Krakowie;2012;Nauki społeczne;Socjologia;Czytaj
760;Dzieje kultury arabskiej;Marek M. Dziekan;978-83-01-15450-9;Wydawnictwo Naukowe PWN;2008;Nauki humanistyczne;Kulturoznawstwo;Czytaj
520;Dzieje kultury chińskiej;Mieczysław Jerzy Künstler;978-83-01-15565-0;Wydawnictwo Naukowe PWN;2007;Nauki humanistyczne;Kulturoznawstwo;Czytaj
259;Dzieje kultury francuskiej;Jacek Kowalski, Anna Loba, Mirosław Loba, Jan Prokop;978-83-01-14499-9;Wydawnictwo Naukowe PWN;2007;Nauki humanistyczne;Kulturoznawstwo;Czytaj
1581;Dzieje kultury latynoamerykańskiej;Redakcja: Marcin Florian Gawrycki;978-83-01-15983-2;Wydawnictwo Naukowe PWN;2009;Nauki humanistyczne;Kulturoznawstwo;Czytaj
61509;Dzieje Polski średniowiecznej;Janusz Dąbrowski, Roman Grodecki, Stanisław Zachorowski;978-83-242-1488-4;Universitas;2011;Nauki humanistyczne;Historia;Czytaj
26600;Dzieje sześciu pojęć;Władysław Tatarkiewicz;978-83-01-16670-0;Wydawnictwo Naukowe PWN;2011;Nauki społeczne;Filozofia;Czytaj
5181;Dzieje Wielkiej Brytanii w XX wieku;A. Sybilla Bidwell;978-83-89281-43-2;Academica Wydawnictwo SWPS;2008;Nauki humanistyczne;Historia;Czytaj
61474;Dzieje współczesnego świata od 1939 roku;Wiesław Olszewski;978-83-232-2088-6;Wydawnictwo Naukowe Uniwersytetu im. Adama Mickiewicza;2009;Nauki humanistyczne;Historia;Czytaj
127;Dzieje życia na Ziemi;Jerzy Dzik;83-01-14038-0;Wydawnictwo Naukowe PWN;2003;Nauki matematyczno-przyrodnicze;Biologia;Czytaj
5686;Dziennikarstwo i świat mediów;Zbigniew Bauer, Edward Chudziński;978-83-242-1021-3;Universitas;2010;Nauki humanistyczne;Filologia polska;Czytaj
5685;Dziennikarstwo wobec nowych mediów;Zbigniew Bauer;978-83-242-1001-5;Universitas;2009;Nauki humanistyczne;Filologia polska;Czytaj
41451;Dzienniki Sherlocka Holmes´a;Arthur Conan Doyle;978-83-7544-533-6;Rea;2009;Literatura piękna;Kryminał, sensacja, thriller;Czytaj
26610;Dziewczynka w zielonym sweterku;Krystyna Chiger, Daniel Paisner;978-83-01-16798-1;Dom Wydawniczy PWN Sp. z o.o.;2011;Literatura piękna;Inne;Czytaj
1331;Edukacja akademicka szansą na aktywizację zawodową osób z ograniczeniem sprawności;Anna Resler-Maj, Konrad Maj, Redakcja: Agnieszka Morysińska;978-83-89281-58-6;Academica Wydawnictwo SWPS;2008;Publikacje darmowe;-;Czytaj
277;Edukacja regionalna. Wybór tekstów;Redakcja: Waldemar Kostewicz, Aleksandra Hulewska, Justyna Słomska;978-83-01-14857-7;Wydawnictwo Naukowe PWN;2006;Nauki społeczne;Pedagogika;Czytaj
6021;Edukacja zdrowotna;Katarzyna Borzucka-Sitkiewicz, Ewa Syrek;978-83-60807-59-0;Łośgraf;2009;Medycyna;Inne;Czytaj
41770;Edukacja Zdrowotna;Redakcja: Barbara Woynarowska;978-83-7173-280-5;Wydawnictwo Pedagogiczne ZNP;2012;Nauki społeczne;Pedagogika;Czytaj
37654;Edvard Grieg. Życie - Fascynacje - Dramaty;Bernard Piotrowski;978-83-232-2105-0;Wydawnictwo Naukowe Uniwersytetu im. Adama Mickiewicza;2010;Nauki humanistyczne;Filologie obce;Czytaj
38441;Edytorstwo. Jak wydawać współczesne teksty literackie;Łukasz Garbal;978-83-01-16547-5;Wydawnictwo Naukowe PWN;2011;Nauki humanistyczne;Filologia polska;Czytaj
61945;Efekt Lucyfera Dlaczego dobrzy ludzie czynią zło?;Philip G. Zimbardo;978-83-01-15626-8;Wydawnictwo Naukowe PWN;2012;Nauki społeczne;Psychologia;Czytaj
2265;Efekty reklamy w systemie komunikacji marketingowej;Jarosław Woźniczka;978-83-7011-952-2;Wydawnictwo Uniwersytetu Ekonomicznego we Wrocławiu;2009;Nauki ekonomiczne;Marketing, reklama;Czytaj
1622;Efektywne i atrakcyjne metody pracy z dziećmi;Mariola Jąder;978-83-7850-344-6;Oficyna Wydawnicza IMPULS;2009;Nauki społeczne;Pedagogika;Czytaj
62045;Efektywność transportu w warunkach gospodarki globalnej;Redakcja: Maria Michałowska;978-83-7246-756-0;Wydawnictwo Uniwersytetu Ekonomicznego w Katowicach;2012;Nauki ekonomiczne;Logistyka;Czytaj
36783;Efektywność zarządzania zasobami ludzkimi;Redakcja: Bogusława Urbaniak;978-83-7525-546-1;Wydawnictwo Uniwersytetu Łódzkiego;2011;Nauki ekonomiczne;Zarządzanie zasobami ludzkimi (HR);Czytaj
6020;e-government. Systemy informacji publicznej;Mariusz Luterek;978-83-7644-034-7;Łośgraf;2010;Nauki społeczne;Nauki polityczne;Czytaj
64065;Ekologia ewolucyjna;Adam Łomnicki;978-83-01-17317-3;Wydawnictwo Naukowe PWN;2013;Nauki matematyczno-przyrodnicze;Biologia;Czytaj
1543;Ekologia. Krótkie wykłady;Aulay Mackenzie, Andy S. Ball, Sonia R. Virdee;978-83-01-14464-7;Wydawnictwo Naukowe PWN;2009;Nauki matematyczno-przyrodnicze;Biologia;Czytaj
43111;Ekonomia;Redakcja: Grażyna Węgrzyn, Jerzy Sokołowski, Magdalena Rękas;978-83-7695-205-5;Wydawnictwo Uniwersytetu Ekonomicznego we Wrocławiu;2012;Nauki ekonomiczne;Gospodarka światowa;Czytaj
1800;Ekonomia międzynarodowa, t. 1;Maurice Obstfeld, Paul R. Krugman;978-83-01-14814-0;Wydawnictwo Naukowe PWN;2008;Nauki ekonomiczne;Gospodarka światowa;Czytaj
1802;Ekonomia międzynarodowa. T. 2;Maurice Obstfeld, Paul R. Krugman;978-83-01-14902-4;Wydawnictwo Naukowe PWN;2008;Nauki ekonomiczne;Gospodarka światowa;Czytaj
63818;Ekonomia sektora publicznego;Joseph E. Stiglitz;978-83-01-15187-4;Wydawnictwo Naukowe PWN;2013;Nauki ekonomiczne;Teoria ekonomii;Czytaj
42571;Ekonomika kultury;Dorota Ilczuk;978-83-01-17047-9;Wydawnictwo Naukowe PWN;2012;Nauki ekonomiczne;Marketing, reklama;Czytaj
613;Ekonomika turystyki;Redakcja: Andrzej Panasiuk;978-83-01-14722-8;Wydawnictwo Naukowe PWN;2008;Nauki ekonomiczne;Inne;Czytaj
34020;Ekonomika turystyki i rekreacji;Redakcja: Aleksander Panasiuk;978-83-01-16680-9;Wydawnictwo Naukowe PWN;2011;Nauki matematyczno-przyrodnicze;Nauki o Ziemi;Czytaj
823;Ekoturystyka;Dominika Zaręba;978-83-01-14840-9;Wydawnictwo Naukowe PWN;2008;Nauki matematyczno-przyrodnicze;Nauki o Ziemi;Czytaj
2190;E-książka- book. Szerokopasmowa kultura;Łukasz Gołębiewski;978-83-62948-74-1;Biblioteka Analiz;2009;Nauki humanistyczne;Filologia polska;Czytaj
62598;Ekspert Budowlany 1/2013;Redakcja: Praca zbiorowa;;Dom Wydawniczy MEDIUM;2013;Publikacje darmowe;-;Czytaj
64703;Ekspert Budowlany 2/2013;Redakcja: Praca zbiorowa;;Dom Wydawniczy MEDIUM;2013;Publikacje darmowe;-;Czytaj
66693;Ekspert Budowlany 3/2013;Redakcja: Praca zbiorowa;;Dom Wydawniczy MEDIUM;2013;Publikacje darmowe;-;Czytaj
62866;Ekspert Budowlany 4/2012;Redakcja: Praca zbiorowa;;Dom Wydawniczy MEDIUM;2012;Publikacje darmowe;-;Czytaj
62891;Ekspert Budowlany 5/2012;Redakcja: Praca zbiorowa;;Dom Wydawniczy MEDIUM;2012;Publikacje darmowe;-;Czytaj
62908;Ekspert Budowlany 6/2012;Redakcja: Praca zbiorowa;;Dom Wydawniczy MEDIUM;2012;Publikacje darmowe;-;Czytaj
2108;Elektroniczny obrót prawny;Jacek Janowski;978-83-7526-996-3;Wolters Kluwer Polska;2008;Prawo;Prawo administracyjne;Czytaj
1895;Elementarne zagadnienia ekonomii;Redakcja: Roman Milewski;978-83-01-14991-8;Wydawnictwo Naukowe PWN;2008;Nauki ekonomiczne;Teoria ekonomii;Czytaj
43631;Elementy fizjoterapii. Fizykoterapia dla praktyków;Emilia Mikołajewska;978-83-200-4302-0;Wydawnictwo Lekarskie PZWL;2011;Medycyna;Rehabilitacja;Czytaj
18836;Elementy zarysu dziejów metodologii badań literackich;Jerzy Kaczorowski;978-83-7072-689-8;Wydawnictwo Uniwersytetu Kardynała Stefana Wyszyńskiego;2011;Nauki humanistyczne;Filologia polska;Czytaj
38076;Elita zabójców;Ranulph Fiennes;978-83-89656-84-1;MAGNUM;2011;Literatura piękna;Kryminał, sensacja, thriller;Czytaj
1458;Elity rządowe III RP 1997-2004;Redakcja: Jacek Raciborski;83-7436-057-7;Wydawnictwo Naukowe Scholar;2006;Nauki społeczne;Socjologia;Czytaj
1455;Emigranci, wygnańcy, wychodźcy...;Redakcja: Iwona Węgrzyn, Grzegorz Zając;978-83-233-2335-8;Wydawnictwo Uniwersytetu Jagiellońskiego;2007;Nauki humanistyczne;Filologia polska;Czytaj
45458;Encyklopedyczne podstawy marketingu;Tadeusz Wojciechowski;978-83-7488-041-1;Placet;2009;Nauki ekonomiczne;Marketing, reklama;Czytaj
41010;English in Medicine. Podręcznik dla studentów akademii medycznych;Joanna Ciecierska, Barbara Jenike, Krystyna Tudruj;978-83-200-3969-6;Wydawnictwo Lekarskie PZWL;2009;Nauki humanistyczne;Filologie obce;Czytaj
64136;Erato: podziemna rozkosz;Rakso Hardik, Ewa Bordeline;978-83-7859-164-1;Wydawnictwo e-bookowo;2013;Literatura kobieca;-;Czytaj
1256;Erystyka czyli o sztuce prowadzenia sporów;Agnieszka Budzyńska-Daca, Jacek Kwosek;978-83-01-15839-2;Wydawnictwo Naukowe PWN;2009;Nauki humanistyczne;Filologia polska;Czytaj
36816;Estetyka odrzucenia w dramacie i teatrze współczesnym;Piotr Dobrowolski;978-83-232-2232-3;Wydawnictwo Naukowe Uniwersytetu im. Adama Mickiewicza;2011;Nauki humanistyczne;Kultura i sztuka;Czytaj
38442;Ethos rycerski i jego odmiany;Maria Ossowska;978-83-01-13277-4;Wydawnictwo Naukowe PWN;2011;Nauki społeczne;Socjologia;Czytaj
42588;E-turystyka;Adam Pawlicz;978-83-01-17063-9;Wydawnictwo Naukowe PWN;2012;Nauki ekonomiczne;E-biznes;Czytaj
666;Etyka;Spinoza de Baruch;978-83-01-15392-2;Wydawnictwo Naukowe PWN;2008;Nauki społeczne;Filozofia;Czytaj
2204;Etyka adwokacka;Zdzisław Krzemiński;978-83-7601-214-8;Wolters Kluwer Polska;2008;Prawo;Historia i nauka prawa;Czytaj
1265;Etyka i polityka;Alasdair Maclntyre, Redakcja: Adam Chmielewski;978-83-01-15785-2;Wydawnictwo Naukowe PWN;2009;Nauki społeczne;Filozofia;Czytaj
40790;Etyka lekarska;Tadeusz Brzeziński;978-83-200-3967-2;Wydawnictwo Lekarskie PZWL;2011;Medycyna;Inne;Czytaj
657;Etyka menedżera - społeczna odpowiedzialność przedsiębiorstwa;Mirosława Rybak;978-83-01-14314-5;Wydawnictwo Naukowe PWN;2008;Nauki ekonomiczne;Zarządzanie, organizacja, strategie;Czytaj
72;Euro. Nowy pieniądz;Leokadia Oręziak;83-01-13942-0;Wydawnictwo Naukowe PWN;2004;Nauki ekonomiczne;Finanse i bankowość;Czytaj
6049;Europa multimedialna. Od Acta Diurna do Europa.eu;Radosław Sajna;978-83-932455-4-3;Stowarzyszenie Wyższej Użyteczności Publicznej Instytut Naukowo-Badawczy MOVEABLE;2011;Publikacje darmowe;-;Czytaj
42506;Europeistyka. Podręcznik akademicki t. 2;Redakcja: Wojciech Jakubowski, Konstanty Adam Wojtaszczyk;978-83-01-16929-9;Wydawnictwo Naukowe PWN;2012;Nauki społeczne;Nauki polityczne;Czytaj
42635;Europeistyka. Podręcznik akademicki t.1;Redakcja: Wojciech Jakubowski, Konstanty Adam Wojtaszczyk;978-83-01-16928-2;Wydawnictwo Naukowe PWN;2012;Nauki społeczne;Nauki polityczne;Czytaj
45436;Europeizacja małych i średnich przedsiębiorstw;Krzysztof Wach;978-83-01-17271-8;Wydawnictwo Naukowe PWN;2012;Nauki ekonomiczne;Unia Europejska;Czytaj
19956;Europejska polityka spójności oraz jej efekty w Polsce;Joanna Kudełko, Andrzej Prusek, Kazimierz Zieliński;978-83-7252-521-5;Wydawnictwo Uniwersytetu Ekonomicznego w Krakowie;2011;Nauki ekonomiczne;Unia Europejska;Czytaj
2225;Ewaluacja w nadzorze pedagogicznym, t. 1. Konteksty;Grzegorz Mazurkiewicz;978-83-233-2929-9;Wydawnictwo Uniwersytetu Jagiellońskiego;2010;Publikacje darmowe;-;Czytaj
2226;Ewaluacja w nadzorze pedagogicznym, t. 2. Odpowiedzialność;Redakcja: Grzegorz Mazurkiewicz;978-83-233-2948-0;Wydawnictwo Uniwersytetu Jagiellońskiego;2010;Publikacje darmowe;-;Czytaj
5588;Ewaluacja w nadzorze pedagogicznym, t. 3 Autonomia;Grzegorz Mazurkiewicz;978-83-233-3017-2;Wydawnictwo Uniwersytetu Jagiellońskiego;2010;Publikacje darmowe;-;Czytaj
42350;Ewangelia według Heroda;Marcin Wolski;978-83-7595-567-5;M;2012;Literatura piękna;Kryminał, sensacja, thriller;Czytaj
45426;Ewolucja polityki walutowej w Polsce po roku 1989 w perspektywie przystąpienia do strefy euro;Wawrzyniec Michalczyk;978-83-7695-276-5;Wydawnictwo Uniwersytetu Ekonomicznego we Wrocławiu;2012;Nauki ekonomiczne;Unia Europejska;Czytaj
61417;Fantasy Ewolucja gatunku;Grzegorz Trębicki;978-83-242-1103-6;Universitas;2009;Nauki humanistyczne;Filologie obce;Czytaj
43927;Farmakologia;Ryszard Korbut;978-83-200-4082-1;Wydawnictwo Lekarskie PZWL;2012;Medycyna;Farmakologia;Czytaj
13204;Film i sztuki tradycyjne;Janusz Plisiecki;978-83-227-3252-6;Wydawnictwo Uniwersytetu Marii Curie-Skłodowskiej;2010;Nauki humanistyczne;Kultura i sztuka;Czytaj
61422;Film japoński a kultura europejska;Aneta Pierzchała;978-83-242-1046-6;Universitas;2005;Nauki humanistyczne;Kultura i sztuka;Czytaj
36194;Filmowe obrazy szkoły;Ewelina Konieczna;978-83-7587-692-5;Oficyna Wydawnicza IMPULS;2011;Nauki humanistyczne;Kultura i sztuka;Czytaj
36903;Filmowe skandale i skandaliści;Jan Kochańczyk;978-83-63080-39-6;Wydawnictwo e-bookowo;2011;Nauki humanistyczne;Kultura i sztuka;Czytaj
88;Filozofia polityki;Redakcja: Andrzej Szahaj, Marek N. Jakubowski;978-83-01-14581-1;Wydawnictwo Naukowe PWN;2008;Nauki społeczne;Filozofia;Czytaj
38645;Filozofia pozytywistyczna;Leszek Kołakowski;978-83-01-16081-4;Wydawnictwo Naukowe PWN;2009;Nauki społeczne;Filozofia;Czytaj
7866;Filozofia przyrody współcześnie;Mariola Kuszyk-Bytniewska, Andrzej Łukasik;978-83-242-1437-2;Universitas;2010;Nauki społeczne;Filozofia;Czytaj
43420;Finanse;Redakcja: Marian Podstawka;978-83-01-16298-6;Wydawnictwo Naukowe PWN;2010;Nauki ekonomiczne;Finanse i bankowość;Czytaj
26697;Finanse - nowe wyzwania teorii i praktyki. Bankowość;Redakcja: Andrzej Gospodarowicz;978-83-7695-156-0;Wydawnictwo Uniwersytetu Ekonomicznego we Wrocławiu;2011;Nauki ekonomiczne;Finanse i bankowość;Czytaj
26699;Finanse - nowe wyzwania teorii i praktyki. Finanse publiczne;Redakcja: Leszek Patrzałek;978-83-7695-164-5;Wydawnictwo Uniwersytetu Ekonomicznego we Wrocławiu;2011;Nauki ekonomiczne;Finanse i bankowość;Czytaj
26701;Finanse - nowe wyzwania teorii i praktyki. Ubezpieczenia;Redakcja: Wanda Ronka-Chmielowiec;978-83-7695-172-0;Wydawnictwo Uniwersytetu Ekonomicznego we Wrocławiu;2011;Nauki ekonomiczne;Finanse i bankowość;Czytaj
45444;Finanse i rachunkowość - teoria i praktyka;Redakcja: Jacek Adamek;978-83-7695-134-8;Wydawnictwo Uniwersytetu Ekonomicznego we Wrocławiu;2011;Nauki ekonomiczne;Rachunkowość i controlling;Czytaj
38130;Finanse jednostek samorządu terytorialnego;Maria Jastrzębska;978-83-264-3630-7;Wolters Kluwer Polska;2012;Prawo;Prawo administracyjne;Czytaj
361;Finanse międzynarodowe;Redakcja: Bogumił Bernaś;978-83-01-14787-7;Wydawnictwo Naukowe PWN;2006;Nauki ekonomiczne;Finanse i bankowość;Czytaj
33;Finanse publiczne;Stanisław Owsiak;978-83-01-15732-6;Wydawnictwo Naukowe PWN;2008;Nauki ekonomiczne;Finanse i bankowość;Czytaj
479;Finanse publiczne;Jerzy Osiatyński;978-83-01-14593-4;Wydawnictwo Naukowe PWN;2006;Nauki ekonomiczne;Finanse i bankowość;Czytaj
43108;Finanse publiczne;Redakcja: Michał Sosnowski, Arkadiusz Żabiński, Jerzy Sokołowski;978-83-7695-213-0;Wydawnictwo Uniwersytetu Ekonomicznego we Wrocławiu;2012;Nauki ekonomiczne;Gospodarka światowa;Czytaj
6664;Finanse publiczne i międzynarodowe;Redakcja: Bogumił Bernaś;978-83-7695-017-4;Wydawnictwo Uniwersytetu Ekonomicznego we Wrocławiu;2010;Nauki ekonomiczne;Finanse i bankowość;Czytaj
355;Finanse samorządowe;Marek Dylewski, Beata Filipiak, Małgorzata Gorzałczyńska-Koczkodaj;978-83-01-15364-9;Wydawnictwo Naukowe PWN;2007;Nauki ekonomiczne;Finanse i bankowość;Czytaj
390;Finansowanie inwestycji w teorii i praktyce;Aneta Michalak;978-83-01-15126-3;Wydawnictwo Naukowe PWN;2007;Nauki ekonomiczne;Finanse i bankowość;Czytaj
11646;Fizjologia;Wiliam Ganong;978-83-200-3326-7;Wydawnictwo Lekarskie PZWL;2007;Medycyna;Inne;Czytaj
967;Fizjologia człowieka. Krótkie wykłady;Daniel McLaughlin, Jonathan Stamford, David White;978-83-01-15578-0;Wydawnictwo Naukowe PWN;2008;Nauki matematyczno-przyrodnicze;Biologia;Czytaj
198;Fizjologia roślin;Redakcja: Stanisław Lewak, Jan Kopcewicz;978-83-01-14549-1;Wydawnictwo Naukowe PWN;2007;Nauki matematyczno-przyrodnicze;Biologia;Czytaj
61940;Fizjologia roślin;Jan Kopcewicz, Stanisław Lewak;978-83-01-17205-3;Wydawnictwo Naukowe PWN;2012;Nauki matematyczno-przyrodnicze;Biologia;Czytaj
42561;Fizjologia starzenia się;Redakcja: Anna Marchewka, Zbigniew Dąbrowski, Jerzy A. Żołądź;978-83-01-17029-5;Wydawnictwo Naukowe PWN;2012;Nauki matematyczno-przyrodnicze;Biologia;Czytaj
43934;Fizjologia wysiłku i treningu fizycznego;Redakcja: Jan Górski;978-83-200-4146-0;Wydawnictwo Lekarskie PZWL;2012;Medycyna;Inne;Czytaj
41560;Fizjoterapia kliniczna;Redakcja: Wojciech Kasprzak;978-83-200-4007-4;Wydawnictwo Lekarskie PZWL;2010;Medycyna;Poradniki medyczne;Czytaj
45184;Fizjoterapia ogólna;Jerzy E. Kiwerski;978-83-200-4473-7;Wydawnictwo Lekarskie PZWL;2012;Medycyna;Rehabilitacja;Czytaj
41580;Fizjoterapia w geriatrii;Redakcja: Katarzyna Wieczorowska-Tobis;978-83-200-4076-0;Wydawnictwo Lekarskie PZWL;2010;Medycyna;Geriatria;Czytaj
45193;Fizjoterapia w neurologii i neurochirurgii;Andrzej Kwolek;978-83-200-4388-4;Wydawnictwo Lekarskie PZWL;2012;Medycyna;Rehabilitacja;Czytaj
43654;Fizjoterapia w wybranych dziedzinach medycyny;Redakcja: Jurek Olszewski;978-83-200-4147-7;Wydawnictwo Lekarskie PZWL;2011;Medycyna;Rehabilitacja;Czytaj
64397;Fizyka dla inżynierów t.1;Jerzy Massalski, Michalina Massalska;978-83-7926-015-7;Wydawnictwo WNT;2013;Nauki matematyczno-przyrodnicze;Fizyka;Czytaj
64496;Fizyka dla inżynierów t.2;Jerzy Massalski;978-83-7926-016-4;Wydawnictwo WNT;2013;Nauki matematyczno-przyrodnicze;Fizyka;Czytaj
1583;Fonetyka i fonologia współczesnego języka polskiego;Danuta Ostaszewska, Jolanta Tambor;978-83-01-14896-6;Wydawnictwo Naukowe PWN;2009;Nauki humanistyczne;Filologia polska;Czytaj
5604;Fonetyka i fonologia współczesnego języka polskiego. Ćwiczenia;Jolanta Tambor;978-83-01-15042-6;Wydawnictwo Naukowe PWN;2010;Nauki humanistyczne;Filologia polska;Czytaj
5177;Formy wyobraźni. Poeci współcześni przed obrazami wielkich mistrzów;Anna Pilch;978-83-233-2984-8;Wydawnictwo Uniwersytetu Jagiellońskiego;2010;Nauki humanistyczne;Filologia polska;Czytaj
1310;Fotograficzne gatunki dziennikarskie;Kazimierz Wolny-Zmorzyński;978-83-60501-71-9;Łośgraf;2007;Nauki społeczne;Komunikacja społeczna;Czytaj
61308;Freuda teoria snów. Komedia w 3 aktach;Antoni Cwojdziński;978-83-242-1174-6;Universitas;2004;Nauki humanistyczne;Kultura i sztuka;Czytaj
40364;Frustraci. Bohaterowie filmowi i literaccy wobec polskiej rzeczywistości po 1989 roku;Katarzyna Taras;978-83-7072-757-4;Wydawnictwo Uniwersytetu Kardynała Stefana Wyszyńskiego;2012;Nauki humanistyczne;Kultura i sztuka;Czytaj
5640;Funkcjonowanie małych i średnich firm produkcyjnych w łańcuchu dostaw;Danuta Kisperska-Moroń, Edyta Klosa, Artur Świerczek, Ryszard Piniecki;978-83-7246-438-5;Wydawnictwo Uniwersytetu Ekonomicznego w Katowicach;2010;Nauki ekonomiczne;Logistyka;Czytaj
61469;Fuzje i przejęcia na rynku kapitałowym. Motywy, okoliczności i warunki oraz procedury, procesy i struktury;Halina Zadora;978-83-7246-670-9;Wydawnictwo Uniwersytetu Ekonomicznego w Katowicach;2011;Nauki ekonomiczne;Finanse i bankowość;Czytaj
2085;Fuzje, przejęcia...;Redakcja: Agnieszka Herdan;978-83-233-2476-8;Wydawnictwo Uniwersytetu Jagiellońskiego;2008;Nauki ekonomiczne;Zarządzanie, organizacja, strategie;Czytaj
40473;Gabi i Uwe;Uwe von Seltmann;978-83-01-17089-9;Dom Wydawniczy PWN Sp. z o.o.;2012;Literatura faktu;-;Czytaj
6022;Gatunki dziennikarskie. Teoria praktyka język;Andrzej Kaliszewski, Kazimierz Wolny-Zmorzyński, Wojciech Furman;978-83-7644-015-6;Łośgraf;2009;Nauki humanistyczne;Filologia polska;Czytaj
42440;Gatunki filmowe;Rick Altman;978-83-01-17066-0;Wydawnictwo Naukowe PWN;2012;Nauki humanistyczne;Kultura i sztuka;Czytaj
40474;Gen ryzyka w sobie miał... O Jerzym Turowiczu opowiadają: ks. Adam Boniecki, Józefa Hennelowa, Krzysztof Kozłowski, Adam Michnik, Janina Ochojska-Okońska, Anna Szałapak, Andrzej Szczeklik, Stefan Wilkanowicz;Joanna Podsadecka;978-83-01-16884-1;Wydawnictwo Naukowe PWN;2012;Literatura faktu;-;Czytaj
41682;Gender w literaturze dla dzieci i młodzieży. Wzorce płciowe i kobiecy repertuar topiczny;Grażyna Lasoń-Kochańska;978-83-7467-174-3;Wydawnictwo Naukowe Akademii Pomorskiej w Słupsku;2012;Nauki humanistyczne;Filologia polska;Czytaj
2371;Genetyka. Krótkie wykłady;P.C. Winter, G.I. Hickey, H.L. Fletcher;978-83-01-16343-3;Wydawnictwo Naukowe PWN;2010;Nauki matematyczno-przyrodnicze;Biologia;Czytaj
2181;Geodezja;Wiesław Kosiński;978-83-01-16342-6;Wydawnictwo Naukowe PWN;2010;Nauki matematyczno-przyrodnicze;Technika;Czytaj
133;Geografia ekonomiczna;Ryszard Domański;83-01-14190-5;Wydawnictwo Naukowe PWN;2006;Nauki matematyczno-przyrodnicze;Nauki o Ziemi;Czytaj
220;Geografia fizyczna Polski;Redakcja: Katarzyna Ostaszewska, Andrzej Richling;83-01-14426-2;Wydawnictwo Naukowe PWN;2005;Nauki matematyczno-przyrodnicze;Nauki o Ziemi;Czytaj
128;Geografia fizyczna świata;Jerzy Makowski;978-83-01-14218-6;Wydawnictwo Naukowe PWN;2008;Nauki matematyczno-przyrodnicze;Nauki o Ziemi;Czytaj
612;Geografia regionalna świata;Redakcja: Jerzy Makowski;978-83-01-14803-4;Wydawnictwo Naukowe PWN;2008;Nauki matematyczno-przyrodnicze;Nauki o Ziemi;Czytaj
64630;Geografia turystyczna świata. Nowe trendy. Regiony turystyczne;Maciej Jędrusik, Jerzy Makowski, Florian Plit;978-83-235-1171-7;Wydawnictwa Uniwersytetu Warszawskiego;2010;Nauki matematyczno-przyrodnicze;Nauki o Ziemi;Czytaj
968;Geografia Unii Europejskiej;Redakcja: Jerzy Makowski;978-83-01-15633-6;Wydawnictwo Naukowe PWN;2008;Nauki matematyczno-przyrodnicze;Nauki o Ziemi;Czytaj
710;Geomatyka;Stefan Przewłocki;978-83-01-15529-2;Wydawnictwo Naukowe PWN;2009;Nauki matematyczno-przyrodnicze;Technika;Czytaj
43564;Godzina cudu. Miłość i erotyzm w twórczości Stanisława Przybyszewskiego;Katarzyna Badowska;978-83-7525-597-3;Wydawnictwo Uniwersytetu Łódzkiego;2011;Nauki humanistyczne;Filologia polska;Czytaj
27903;Gombrowicz z niemiecką gębą i inne studia komparatystyczne;Rolf Fieguth;978-83-232-2225-5;Wydawnictwo Naukowe Uniwersytetu im. Adama Mickiewicza;2011;Nauki humanistyczne;Filologia polska;Czytaj
1978;Gospodarka finansowa jednostek samorządu terytorialnego w warunkach integracji europejskiej;Redakcja: Teresa Famulska;978-83-7246-467-5;Wydawnictwo Uniwersytetu Ekonomicznego w Katowicach;2009;Nauki ekonomiczne;Finanse i bankowość;Czytaj
43709;Gospodarka lokalna w teorii i praktyce;Redakcja: Ryszard Brol, Andrzej Sztando;978-83-7695-280-2;Wydawnictwo Uniwersytetu Ekonomicznego we Wrocławiu;2012;Nauki ekonomiczne;Gospodarka światowa;Czytaj
43423;Gospodarka Polski 1990-2011, t. 1;Michał G. Woźniak;978-83-01-16987-9;Wydawnictwo Naukowe PWN;2012;Nauki ekonomiczne;Gospodarka światowa;Czytaj
62839;Gospodarka Polski 1990-2011, t. 2;Redakcja: Michał Woźniak;978-83-01-16827-8;Wydawnictwo Naukowe PWN;2012;Nauki ekonomiczne;Gospodarka światowa;Czytaj
62840;Gospodarka Polski 1990-2011, t. 3;Redakcja: Michał Woźniak;978-83-01-17301-2;Wydawnictwo Naukowe PWN;2013;Nauki ekonomiczne;Gospodarka światowa;Czytaj
43256;Gospodarka przestrzenna;Anna Karwińska;978-83-01-15445-5;Wydawnictwo Naukowe PWN;2011;Nauki ekonomiczne;Gospodarka światowa;Czytaj
44651;Gospodarka przestrzenna;Redakcja: Anna Dybała, Jacek Potocki;978-83-7695-256-7;Wydawnictwo Uniwersytetu Ekonomicznego we Wrocławiu;2011;Nauki ekonomiczne;Finanse i bankowość;Czytaj
38318;Gospodarka przestrzenna XXI wieku - nowe wyzwania;Redakcja: Zbigniew Przybyła, Stanisław Korenik;978-83-7695-075-4;Wydawnictwo Uniwersytetu Ekonomicznego we Wrocławiu;2011;Nauki ekonomiczne;Finanse i bankowość;Czytaj
633;Gospodarka regionalna i lokalna;Redakcja: Zbigniew Strzelecki;978-83-01-15451-6;Wydawnictwo Naukowe PWN;2008;Nauki ekonomiczne;Teoria ekonomii;Czytaj
45;Gospodarka światowa. Geneza i rozwój;Janusz Skodlarski, Rafał Matera;978-83-01-15697-8;Wydawnictwo Naukowe PWN;2008;Nauki ekonomiczne;Gospodarka światowa;Czytaj
955;Gospodarka turystyczna;Redakcja: Aleksander Panasiuk;978-83-01-15638-1;Wydawnictwo Naukowe PWN;2008;Nauki matematyczno-przyrodnicze;Nauki o Ziemi;Czytaj
13234;Gospodarka turystyczna w regionie. Przedsiębiorstwo. Samorząd. Współpraca;Redakcja: Andrzej Rapacz;978-83-7695-124-9;Wydawnictwo Uniwersytetu Ekonomicznego we Wrocławiu;2011;Nauki ekonomiczne;Usługi;Czytaj
43983;Gospodarowanie zasobami ziemi w Polsce - aspekty teoretyczne i praktyczne;Joanna Szymańska;978-83-7695-268-0;Wydawnictwo Uniwersytetu Ekonomicznego we Wrocławiu;2012;Nauki ekonomiczne;Inne;Czytaj
41461;Gra wstępna;Monika Sawicka;978-83-935821-1-2;Wydawnictwo e-bookowo;2012;Literatura kobieca;-;Czytaj
2090;Gramatyka historyczna języka polskiego z ćwiczeniami;Stanisław Rospond;978-83-01-13992-6;Wydawnictwo Naukowe PWN;2009;Nauki humanistyczne;Filologia polska;Czytaj
1027;Gramatyka języka rosyjskiego z ćwiczeniami;Albina Gołubiewa, Magdalena Kuratczyk;978-83-01-15579-7;Wydawnictwo Naukowe PWN;2009;Nauki humanistyczne;Filologie obce;Czytaj
506;Gry świata według Lecha i Wojciecha Pijanowskich;Lech Pijanowski, Wojciech Pijanowski;978-83-01-14914-7;Wydawnictwo Naukowe PWN;2008;Inne;Różne;Czytaj
38443;Hakerstwo;Tim Jordan;978-83-01-16681-6;Wydawnictwo Naukowe PWN;2011;Informatyka;Inne;Czytaj
43696;Handel elektroniczny;Krzysztof Dobosz;978-83-63103-24-8;PJWSTK;2012;Informatyka;Internet;Czytaj
2380;Hiob biblijny. Hiob obecny w kulturze;Redakcja: Piotr Mitzner, Anna Szczepan-Wojnarska;978-83-7072-644-7;Wydawnictwo Uniwersytetu Kardynała Stefana Wyszyńskiego;2010;Nauki humanistyczne;Filologia polska;Czytaj
293;Historia administracji w Polsce 1764-1989;Wojciech Witkowski;978-83-01-14583-5;Wydawnictwo Naukowe PWN;2007;Nauki humanistyczne;Historia;Czytaj
64624;Historia astronomii;Redakcja: Michael Hoskin;978-83-235-1028-4;Wydawnictwa Uniwersytetu Warszawskiego;2007;Nauki matematyczno-przyrodnicze;Fizyka;Czytaj
1287;Historia estetyki, t.1;Władysław Tatarkiewicz;978-83-01-15743-2;Wydawnictwo Naukowe PWN;2009;Nauki społeczne;Filozofia;Czytaj
1288;Historia estetyki, t.2;Władysław Tatarkiewicz;978-83-01-15744-9;Wydawnictwo Naukowe PWN;2009;Nauki społeczne;Filozofia;Czytaj
1289;Historia estetyki, t.3;Władysław Tatarkiewicz;978-83-01-15745-6;Wydawnictwo Naukowe PWN;2009;Nauki społeczne;Filozofia;Czytaj
5532;Historia filozofii polskiej;Jan Skoczyński, Jan Woleński;978-83-7505-442-2;Wydawnictwo WAM;2010;Nauki społeczne;Filozofia;Czytaj
6050;Historia filozofii, t. 1-3;Władysław Tatarkiewicz;978-83-01-14466-1;Wydawnictwo Naukowe PWN;2011;Nauki społeczne;Filozofia;Czytaj
1026;Historia geografii polskiej;Redakcja: Antoni Jackowski, Andrzej Richling, Stanisław Liszewski;978-83-01-15589-6;Wydawnictwo Naukowe PWN;2008;Nauki matematyczno-przyrodnicze;Nauki o Ziemi;Czytaj
43820;Historia gospodarcza;Janusz Skodlarski;978-83-01-17215-2;Wydawnictwo Naukowe PWN;2012;Nauki ekonomiczne;Gospodarka światowa;Czytaj
1881;Historia języka polskiego;Zenon Klemensiewicz;978-83-01-12760-2;Wydawnictwo Naukowe PWN;2009;Nauki humanistyczne;Filologia polska;Czytaj
38726;Historia literatury arabskiej;Wiebke Walther;978-83-01-15322-9;Wydawnictwo Naukowe PWN;2007;Nauki humanistyczne;Filologie obce;Czytaj
35;Historia literatury francuskiej;Katarzyna Dybeł, Barbara Marczuk, Jan Prokop;978-83-01-14551-4;Wydawnictwo Naukowe PWN;2007;Nauki humanistyczne;Filologie obce;Czytaj
61339;Historia literatury kresowej;Bolesław Hadaczek;978-83-242-1495-2;Universitas;2011;Nauki humanistyczne;Filologia polska;Czytaj
244;Historia literatury starożytnej;Maria Cytowska, Hanna Szelest;978-83-01-14799-0;Wydawnictwo Naukowe PWN;2006;Nauki humanistyczne;Filologie obce;Czytaj
805;Historia literatury włoskiej;Krzysztof Żaboklicki;978-83-01-15525-4;Wydawnictwo Naukowe PWN;2008;Nauki humanistyczne;Filologie obce;Czytaj
448;Historia Litwy;Jurate Kiaupiene, Zigmantas Kiaupa, Albinas Kuncevicius;978-83-01-15190-4;Wydawnictwo Naukowe PWN;2007;Nauki humanistyczne;Historia;Czytaj
5618;Historia nowoczesnych stosunków międzynarodowych;Wojciech Rojek;978-83-01-16507-9;Wydawnictwo Naukowe PWN;2010;Nauki społeczne;Nauki polityczne;Czytaj
540;Historia ogrodów, t. 1;Longin Majdecki;978-83-01-15087-7;Wydawnictwo Naukowe PWN;2007;Nauki matematyczno-przyrodnicze;Biologia;Czytaj
827;Historia ogrodów, t. 2;Longin Majdecki;978-83-01-15416-5;Wydawnictwo Naukowe PWN;2008;Nauki matematyczno-przyrodnicze;Biologia;Czytaj
673;Historia Państwa Kościelnego;Jan Gordziałkowski;978-83-7318-865-5;Wydawnictwo WAM;2007;Nauki humanistyczne;Historia;Czytaj
1264;Historia Policji w Polsce;Andrzej Misiuk;978-83-60807-02-6;Łośgraf;2008;Prawo;Bezpieczeństwo wewnętrzne;Czytaj
1021;Historia Polski 1572-1795;Urszula Augustyniak;978-83-01-15592-6;Wydawnictwo Naukowe PWN;2008;Nauki humanistyczne;Historia;Czytaj
57;Historia Polski 1795-1914;Jerzy Zdrada;83-01-14506-4;Wydawnictwo Naukowe PWN;2005;Nauki humanistyczne;Historia;Czytaj
2278;Historia Polski 1914-1989;Ryszard Kaczmarek;978-83-01-16326-6;Wydawnictwo Naukowe PWN;2010;Nauki humanistyczne;Historia;Czytaj
61411;Historia Polski od 11 listopada 1918 do 17 września 1939;Stanisław Cat-Mackiewicz;978-83-242-1587-4;Universitas;2012;Nauki humanistyczne;Historia;Czytaj
1899;Historia powszechna. 1789-1870;Mieczysław Żywczyński;978-83-01-14683-2;Wydawnictwo Naukowe PWN;2008;Nauki humanistyczne;Historia;Czytaj
1587;Historia powszechna. Starożytność;Adam Ziółkowski;978-83-01-15810-1;Wydawnictwo Naukowe PWN;2009;Nauki humanistyczne;Historia;Czytaj
1377;Historia powszechna. Średniowiecze;Roman Michałowski;978-83-01-16018-0;Wydawnictwo Naukowe PWN;2009;Nauki humanistyczne;Historia;Czytaj
960;Historia powszechna. Wiek XIX;Andrzej Chwalba;978-83-01-15444-8;Wydawnictwo Naukowe PWN;2009;Nauki humanistyczne;Historia;Czytaj
1869;Historia powszechna. Wiek XVI-XVII;Zbigniew Wójcik;978-83-01-14603-0;Wydawnictwo Naukowe PWN;2007;Nauki humanistyczne;Historia;Czytaj
6012;Historia powszechna. Wiek XX;Jakub Tyszkiewicz, Edward Czapiewski;978-83-01-16365-5;Wydawnictwo Naukowe PWN;2010;Nauki humanistyczne;Historia;Czytaj
687;Historia prawa w Polsce;Dariusz Makiłła;978-83-01-15002-0;Wydawnictwo Naukowe PWN;2008;Nauki humanistyczne;Historia;Czytaj
42584;Historia sportu;Wojciech Lipoński;978-83-01-17001-1;Wydawnictwo Naukowe PWN;2012;Sport;-;Czytaj
1384;Historia teorii stosunków międzynarodowych;Andrzej Gałganek;978-83-01-15902-3;Wydawnictwo Naukowe PWN;2009;Nauki społeczne;Nauki polityczne;Czytaj
274;Historia ustroju i prawa w Polsce 1772/1795-1918;Marian Kallas, Marek Krzymkowski;978-83-01-14798-3;Wydawnictwo Naukowe PWN;2006;Nauki humanistyczne;Historia;Czytaj
275;Historia ustroju i prawa w Polsce do 1772/1795;Sławomir Godek, Magdalena Wilczek-Karczewska;978-83-01-14797-6;Wydawnictwo Naukowe PWN;2006;Nauki humanistyczne;Historia;Czytaj
36;Historia ustroju Polski;Marian Kallas;83-01-14690-7;Wydawnictwo Naukowe PWN;2006;Nauki humanistyczne;Historia;Czytaj
38444;Historia władzy w Związku Radzieckim 1945-1991;Rudolf G. Pichoja;978-83-01-16721-9;Wydawnictwo Naukowe PWN;2011;Nauki humanistyczne;Historia;Czytaj
1982;Historia współczesna świata arabskiego;Danuta Madeyska;978-83-235-0544-0;Wydawnictwa Uniwersytetu Warszawskiego;2008;Nauki humanistyczne;Historia;Czytaj
825;Historia współczesnej psychologii;Ludy T. Benjamin;978-83-01-15554-4;Wydawnictwo Naukowe PWN;2008;Nauki społeczne;Psychologia;Czytaj
5541;Historia wychowania, t. 1;Stanisław Litak;978-83-7505-446-0;Wydawnictwo WAM;2010;Nauki społeczne;Pedagogika;Czytaj
38312;Historia wychowania, t. 1;Stanisław Kot;978-83-62015-11-5;Wydawnictwo Akademickie ŻAK;2010;Nauki społeczne;Pedagogika;Czytaj
38313;Historia wychowania, t. 2;Stanisław Kot;978-83-62015-12-2;Wydawnictwo Akademickie ŻAK;2010;Nauki społeczne;Pedagogika;Czytaj
492;Historia wychowania, t. 2. Wiek XIX i XX;Ryszard Terlecki, Jan Draus;83-7318-634-4;Wydawnictwo WAM;2005;Nauki społeczne;Pedagogika;Czytaj
61317;Historie wydobyte z cienia;Ewa Kępa;978-83-242-1853-0;Universitas;2012;Literatura kobieca;-;Czytaj
64489;Hiszpania wielokulturowa;Maja Biernacka;978-83-7383-557-3;Wydawnictwo Naukowe Scholar;2012;Nauki społeczne;Socjologia;Czytaj
1361;Homo players;Dominika Urbańska-Galanciak;978-83-61408-87-1;Łośgraf;2009;Informatyka;Internet;Czytaj
38055;Horror w literaturze współczesnej i filmie;Anita Has-Tokarz;978-83-227-3123-9;Wydawnictwo Uniwersytetu Marii Curie-Skłodowskiej;2011;Nauki humanistyczne;Filologia polska;Czytaj
65003;Horyzonty nihilizmu. Gombrowicz - Różewicz - Borowski;Michał Januszkiewicz;978-83-232-1959-0;Wydawnictwo Naukowe Uniwersytetu im. Adama Mickiewicza;2009;Nauki humanistyczne;Filologia polska;Czytaj
659;Hotelarstwo;Praca zbiorowa;978-83-01-15367-0;Wydawnictwo Naukowe PWN;2008;Nauki ekonomiczne;Zarządzanie, organizacja, strategie;Czytaj
37881;Human Movement, 12(1) 2011;praca zbiorowa;;Wydawnictwo Akademii Wychowania Fizycznego we Wrocławiu;2011;Publikacje darmowe;-;Czytaj
37987;Human Movement, 12(2) 2011;Praca zbiorowa;;Wydawnictwo Akademii Wychowania Fizycznego we Wrocławiu;2011;Publikacje darmowe;-;Czytaj
38020;Human Movement, 12(3) 2011;Praca zbiorowa;;Wydawnictwo Akademii Wychowania Fizycznego we Wrocławiu;2011;Publikacje darmowe;-;Czytaj
38123;Human Movement, 12(4) 2011;Praca zbiorowa;;Wydawnictwo Akademii Wychowania Fizycznego we Wrocławiu;2011;Publikacje darmowe;-;Czytaj
67151;Human Movement, 13(1);Praca zbiorowa;;Wydawnictwo Akademii Wychowania Fizycznego we Wrocławiu;2012;Publikacje darmowe;-;Czytaj
67150;Human Movement, 13(2);Praca zbiorowa;;Wydawnictwo Akademii Wychowania Fizycznego we Wrocławiu;2012;Publikacje darmowe;-;Czytaj
67149;Human Movement, 13(3);Praca zbiorowa;;Wydawnictwo Akademii Wychowania Fizycznego we Wrocławiu;2012;Publikacje darmowe;-;Czytaj
67393;Human Movement, 13(4);Praca zbiorowa;;Wydawnictwo Akademii Wychowania Fizycznego we Wrocławiu;2012;Publikacje darmowe;-;Czytaj
45152;Hybryda Pismo Artystyczno-Literackie Stowarzyszenia Twórczego POLART Nr 20/2012;Redakcja: Joanna Krupińska-Trzebiatowska;;POLART;2012;Publikacje darmowe;-;Czytaj
45157;Hybryda Pismo Artystyczno-Literackie Stowarzyszenia Twórczego POLART Nr 21/2012;Redakcja: Joanna Krupińska-Trzebiatowska;;POLART;2012;Publikacje darmowe;-;Czytaj
71765;Hybryda Pismo Artystyczno-Literackie Stowarzyszenia Twórczego POLART Nr 22/2013;Redakcja: Joanna Krupińska-Trzebiatowska;;POLART;2013;Publikacje darmowe;-;Czytaj
2162;Ikona w sztuce XX wieku;Renata Rogozińska;978-83-7505-242-8;Wydawnictwo WAM;2009;Nauki humanistyczne;Kultura i sztuka;Czytaj
62008;Immunologia;Redakcja: Witold Lasek, Jakub Gołąb, Marek Jakóbisiak, Tomasz Stokłosa;978-83-01-17108-7;Wydawnictwo Naukowe PWN;2012;Nauki matematyczno-przyrodnicze;Biologia;Czytaj
1378;Immunologia. Krótkie wykłady;P.M. Lydyard, M.W. Fanger, A. Whelan;978-83-01-15876-7;Wydawnictwo Naukowe PWN;2009;Nauki matematyczno-przyrodnicze;Biologia;Czytaj
40297;Informacja naukowa w Polsce na przełomie XX i XXI wieku. Dynamika zmian w świetle piśmiennictwa;Małgorzata Janiak;978-83-233-2926-8;Wydawnictwo Uniwersytetu Jagiellońskiego;2010;Nauki humanistyczne;Filologia polska;Czytaj
2290;Informacja w internecie;Maciej Dutko, Magdalena Karciarz;978-83-01-16476-8;Wydawnictwo Naukowe PWN;2010;Informatyka;Internet;Czytaj
811;Informatyka medyczna;Redakcja: Robert Rudowski;83-01-14056-9;Wydawnictwo Naukowe PWN;2003;Medycyna;Inne;Czytaj
64585;Informatyka@przyszłości;Redakcja: Witold Chmielarz, Jerzy Kisoelnicki, Tomasz Parys;978-83-63962-17-3;Wydawnictwo Wydziału Zarządzania Uniwersytetu Warszawskiego;2013;Informatyka;Zastosowania informatyki;Czytaj
43973;Inne życie Biografia Jarosława Iwaszkiewicza;Radosław Romaniuk;978-83-244-0238-0;Iskry;2012;Literatura faktu;-;Czytaj
1339;Inni czy podobni? Charakterystyka osób z ograniczeniem sprawności;Anna Małgorzata Chodynicka, Piotr Rycielski;978-83-89281-64-7;Academica Wydawnictwo SWPS;2008;Publikacje darmowe;-;Czytaj
294;Innowacyjne usługi banku;Redakcja: Dorota Korenik;83-01-14587-0;Wydawnictwo Naukowe PWN;2006;Nauki ekonomiczne;Finanse i bankowość;Czytaj
26619;Innowacyjne zarządzanie organizacjami;Redakcja: Anna Szopa, Tadeusz Marek;978-83-233-3139-1;Wydawnictwo Uniwersytetu Jagiellońskiego;2011;Nauki ekonomiczne;Zarządzanie, organizacja, strategie;Czytaj
66006;Instalacje elektryczne;Henryk Markiewicz;978-83-7926-037-9;Wydawnictwo WNT;2012;Nauki matematyczno-przyrodnicze;Technika;Czytaj
36785;Instrumenty zarządzania przedsiębiorstwem przez finanse;Redakcja: Barbara Woźniak-Sobczak;978-83-7246-543-6;Wydawnictwo Uniwersytetu Ekonomicznego w Katowicach;2010;Nauki ekonomiczne;Zarządzanie, organizacja, strategie;Czytaj
37991;Instytucje bezpieczeństwa wewnętrznego w Polsce. Zarys dziejów (od X wieku do współczesności);Andrzej Misiuk;978-83-7462-297-4;Wydawnictwo Wyższej Szkoły Policji w Szczytnie;2011;Nauki humanistyczne;Historia;Czytaj
66448;Instytucje gospodarki rynkowej;Tadeusz Włudyka, Marcin Smaga;978-83-264-4707-5;Wolters Kluwer Polska;2012;Nauki ekonomiczne;Gospodarka światowa;Czytaj
1625;Instytucje wsparcia dziecka i rodziny;Beata Krajewska;978-83-7587-118-0;Oficyna Wydawnicza IMPULS;2009;Nauki społeczne;Pedagogika;Czytaj
683;Integracja ze strefą euro;Cezary Wójcik;978-83-01-15492-9;Wydawnictwo Naukowe PWN;2008;Nauki ekonomiczne;Finanse i bankowość;Czytaj
1763;Integracyjne kształcenie niepełnosprawnych;Grzegorz Szumski;978-83-01-14711-2;Wydawnictwo Naukowe PWN;2008;Nauki społeczne;Pedagogika;Czytaj
6028;Internetowe gatunki dziennikarskie;Redakcja: Wojciech Furman, Kazimierz Wolny-Zmorzyński;978-83-61408-57-4;Łośgraf;2010;Nauki społeczne;Komunikacja społeczna;Czytaj
2120;Interpretacja materiałów wizualnych;Rose Gillian;978-83-01-16249-8;Wydawnictwo Naukowe PWN;2010;Nauki społeczne;Socjologia;Czytaj
61376;Interpretować dalej;Redakcja: Anna Kałuża, Alina Świeściak;978-83-242-1539-3;Universitas;2011;Nauki humanistyczne;Filologia polska;Czytaj
9294;Inwestowanie w nieruchomości na rynkach międzynarodowych;Marta Anastazja Wiśniewska;978-83-01-16667-0;Wydawnictwo Naukowe PWN;2011;Nauki ekonomiczne;Finanse i bankowość;Czytaj
63425;Inwestycje finansowe i ubezpieczenia - tendencje światowe a rynek polski;Redakcja: Krzysztof Jajuga, Wanda Ronka-Chmielowiec;978-83-7695-293-2;Wydawnictwo Uniwersytetu Ekonomicznego we Wrocławiu;2012;Nauki ekonomiczne;Finanse i bankowość;Czytaj
1761;Inżynieria oprogramowania;Krzysztof Sacha;978-83-01-16179-8;Wydawnictwo Naukowe PWN;2010;Informatyka;Programowanie;Czytaj
63965;Inżynieria powierzchni;Marek Blicharski;978-83-63623-95-1;Wydawnictwo WNT;2012;Nauki matematyczno-przyrodnicze;Chemia;Czytaj
41977;Iskier leksykon dramatu;Hanna Baltyn-Karpińska;978-83-244-0240-3;Iskry;2008;Nauki humanistyczne;Filologia polska;Czytaj
1304;Istota socjologii;Earl Babbie;978-83-01-15244-4;Wydawnictwo Naukowe PWN;2007;Nauki społeczne;Socjologia;Czytaj
6030;Ius internet. Między prawem a etyką;Joanna Kulesza;978-83-7644-080-4;Łośgraf;2010;Prawo;Prawo własności intelektualnej;Czytaj
27899;Ja, Miasto. Szkice o (nie tylko polskiej) dramaturgii lat ostatnich;Marta Karasińska;978-83-232-2273-6;Wydawnictwo Naukowe Uniwersytetu im. Adama Mickiewicza;2011;Nauki humanistyczne;Filologia polska;Czytaj
5620;Jak dobrze pisać. Od myśli do tekstu;Jolanta Maćkiewicz;978-83-01-16349-5;Wydawnictwo Naukowe PWN;2010;Nauki humanistyczne;Filologia polska;Czytaj
2363;Jak kształtować regionalne produkty turystyczne?;Małgorzata Zdon-Korzeniowska;978-83-233-2711-0;Wydawnictwo Uniwersytetu Jagiellońskiego;2009;Nauki ekonomiczne;Zarządzanie, organizacja, strategie;Czytaj
62916;Jak obniżyć koszty ogrzewania budynku?;Anna Białorucka, Agnieszka Korzeniewska, Jarosław Guzal;978-83-64094-08-8;Dom Wydawniczy MEDIUM;2013;Publikacje darmowe;-;Czytaj
515;Jak stworzyć najlepszy blog. WordPress 2.0;Łukasz Sosna, Paweł Lipiec;978-83-01-15305-2;Wydawnictwo Naukowe PWN;2007;Informatyka;Internet;Czytaj
2252;Jak taniej ogrzać dom;Wojciech Oszczak;978-83-206-1582-1;Wydawnictwa Komunikacji i Łączności;2005;Nauki matematyczno-przyrodnicze;Technika;Czytaj
1870;Jak wydobyć się z depresji;Sue Atkinson;978-83-01-15541-4;Wydawnictwo Naukowe PWN;2008;Nauki społeczne;Psychologia;Czytaj
2416;Jak wypromowano bestseller;Kuba Frołow;978-83-61154-44-0;Biblioteka Analiz;2010;Nauki ekonomiczne;Marketing, reklama;Czytaj
2668;Jak zorganizować rewelacyjne wesele. Poradnik krok po kroku;Agnieszka Witońska-Pakulska;978-83-62480-60-9;Wydawnictwo e-bookowo;2010;Poradniki;-;Czytaj
40799;Jak żyć z zespołem jelita nadwrażliwego;Mirosław Jarosz, Wioleta Respondek, Jan Dzieniszewski, Iwona Traczyk;978-83-200-3409-7;Wydawnictwo Lekarskie PZWL;2008;Medycyna;Poradniki medyczne;Czytaj
5544;Jaka polityka spójności po roku 2013?;Redakcja: Ewa Szostak, Mirosława Klamut;;Wydawnictwo Uniwersytetu Ekonomicznego we Wrocławiu;2010;Nauki ekonomiczne;Unia Europejska;Czytaj
1336;Jaka pomoc i dla kogo? Wsparcie indywidualne i instytucjonalne a aktywizacja zawodowa osób z ograniczeniem sprawności;Radosław Kaczan, Karolina Smoczyńska, Iwona Bąbiak;978-83-89281-62-3;Academica Wydawnictwo SWPS;2008;Publikacje darmowe;-;Czytaj
2573;Jakościowe metody badań marketingowych. Jak zrozumieć konsumenta;Dominika Maison;978-83-01-16424-9;Wydawnictwo Naukowe PWN;2010;Nauki ekonomiczne;Marketing, reklama;Czytaj
524;Jakość i efektywność usług hotelarskich;Stanisław Borkowski, Ewa Wszendybył;978-83-01-15144-7;Wydawnictwo Naukowe PWN;2007;Nauki ekonomiczne;Usługi;Czytaj
1723;Jan Paweł II;Anna Radziwiłł;978-83-233-2511-6;Wydawnictwo Uniwersytetu Jagiellońskiego;2008;Nauki humanistyczne;Kulturoznawstwo;Czytaj
39481;Jan Paweł II i krach komunizmu;Jan Kochańczyk;978-83-63080-85-3;Wydawnictwo e-bookowo;2012;Literatura faktu;-;Czytaj
37989;Jednostka kontrterrorystyczna - element działań bojowych w systemie bezpieczeństwa antyterrorystycznego;Kuba Jałoszyński;978-83-7462-278-3;Wydawnictwo Wyższej Szkoły Policji w Szczytnie;2011;Prawo;Bezpieczeństwo wewnętrzne;Czytaj
6978;Język;Edward Sapir;978-83-242-1427-3;Universitas;2011;Nauki humanistyczne;Filologie obce;Czytaj
252;Język w komunikowaniu;Marian Bugajski;978-83-01-14807-2;Wydawnictwo Naukowe PWN;2007;Nauki humanistyczne;Filologia polska;Czytaj
1775;Językoznawstwo;Tadeusz Milewski;978-83-01-14244-5;Wydawnictwo Naukowe PWN;2009;Nauki humanistyczne;Filologia polska;Czytaj
61720;Julian Tuwim. Biografia - twórczość - recepcja;Redakcja: Tomasz Cieślak, Krystyna Ratajska;978-83-7525-061-9;Wydawnictwo Uniwersytetu Łódzkiego;2007;Nauki humanistyczne;Filologia polska;Czytaj
26677;Juliusz Słowacki - interpretacje i reinterpretacje;Redakcja: Ewa Szczeglacka-Pawłowska, Ewangelina Skalińska;978-83-7072-693-5;Wydawnictwo Uniwersytetu Kardynała Stefana Wyszyńskiego;2011;Nauki humanistyczne;Filologia polska;Czytaj
1031;Kapitał ludzki organizacji;Grzegorz Łukasiewicz;978-83-01-15768-5;Wydawnictwo Naukowe PWN;2009;Nauki ekonomiczne;Zarządzanie zasobami ludzkimi (HR);Czytaj
40915;Kapryśne serca;Marian Kowalski;978-83-7859-030-9;Wydawnictwo e-bookowo;2012;Literatura kobieca;-;Czytaj
416;Kardiologia;Redakcja: Tadeusz Mandecki;83-200-2912-0;Wydawnictwo Lekarskie PZWL;2005;Medycyna;Kardiologia;Czytaj
38717;Karolcia;Maria Krüger;978-83-7568-638-8;Siedmioróg;2011;Literatura dla dzieci i młodzieży;-;Czytaj
573;Katastrofy przyrodnicze;Włodzimierz Mizerski, Marek Graniczny;978-83-01-15146-1;Wydawnictwo Naukowe PWN;2009;Nauki matematyczno-przyrodnicze;Nauki o Ziemi;Czytaj
40476;Katyń w oczach Zachodu;Franz Kadell;978-83-01-16935-0;Dom Wydawniczy PWN Sp. z o.o.;2012;Literatura faktu;-;Czytaj
5187;Kazimierz Jagiellończyk i jego czasy;Maria Bogucka;978-83-242-1031-2;Universitas;2009;Nauki humanistyczne;Historia;Czytaj
2216;Kino Jerzego Kawalerowicza i jego konteksty;Jan Rek;978-83-7525-188-3;Wydawnictwo Uniwersytetu Łódzkiego;2008;Nauki humanistyczne;Kultura i sztuka;Czytaj
61372;Kino nieme;Redakcja: Tadeusz Lubelski, Iwona Sowińska, Rafał Syska;978-83-242-1536-2;Universitas;2012;Nauki humanistyczne;Kultura i sztuka;Czytaj
26652;Klimat Polski w drugiej połowie XX wieku;Alojzy Woś;978-83-232-2180-7;Wydawnictwo Naukowe Uniwersytetu im. Adama Mickiewicza;2010;Nauki matematyczno-przyrodnicze;Nauki o Ziemi;Czytaj
878;Kobieta w kulturze - kultura w kobiecie;Aneta Chybicka, Maria Kaźmierczak;978-83-7587-776-2;Oficyna Wydawnicza IMPULS;2006;Nauki społeczne;Pedagogika;Czytaj
41285;Kobietki;Patrycja Żurek;978-83-7859-036-1;Wydawnictwo e-bookowo;2012;Literatura kobieca;-;Czytaj
2060;Kobiety opowiadają świat. Szkice o fantastyce;Grażyna Lasoń-Kochańska;978-83-7467-137-8;Wydawnictwo Naukowe Akademii Pomorskiej w Słupsku;2008;Nauki humanistyczne;Filologia polska;Czytaj
1803;Kobiety, mężczyźni i społeczeństwo;Daniel J. Curran, Redakcja: Claire M. Renzetti;978-83-01-14570-5;Wydawnictwo Naukowe PWN;2008;Nauki społeczne;Socjologia;Czytaj
2929;Kochać za bardzo;Renata Zielińska;978-83-62480-24-1;Wydawnictwo e-bookowo;2010;Literatura kobieca;-;Czytaj
2930;Kochanek malutki;Aurelia Es;978-83-61184-96-6;Wydawnictwo e-bookowo;2010;Literatura kobieca;-;Czytaj
1165;Kodeks karny. Komentarz;Andrzej Marek;978-83-7526-325-1;Wolters Kluwer Polska;2007;Prawo;Prawo karne;Czytaj
